<?xml version="1.0" encoding="utf-8" standalone="no" ?>
<modDesc descVersion="42">
    <author>Balu</author>
	<title>
		<en>AutoDrive</en>
		<de>AutoDrive</de>
		<it>AutoDrive</it>
		<fr>AutoDrive</fr>
	</title>
	<description>
		<en>
<![CDATA[This mod can be used to create a network of routes for vehicles to drive autonomously. Once setup you can tell a tractor which is standing anywhere close to the network to drive to any point, such as the shop, field 1 or to a sell point.
]]>
		</en>
		<de>
<![CDATA[Dieser Mod erlaubt es ein Netzwerk von Routen aufzuzeichnen um dann ein Fahrzeug von jedem beliebigen Punkt zu speziell definierten Zielen, wie zum Beispiel der eigenen Farm, Feld 1 oder auch zu jedem Verkaufspunkt fahren zu lassen.
]]>
	   </de>
		<fr>
<![CDATA[Une alternative "Courseplay" muni d'un éditeur intégré très pratique pour déplacer rapidement les véhicules d'un point à un autre de manière autonome, ou pour éffectuer des tâches de transport. 
Créer, modifier, supprimer vos routes, points de passage, ou croisements sans supprimer la totalité de votre route !
]]>
	   </fr>
	</description>
    <version>1.0.0.0</version>
	<multiplayer supported="true"/>
	<iconFilename>store.dds</iconFilename>
    <extraSourceFiles>
        <sourceFile filename="register.lua" />
    </extraSourceFiles>
	<l10n>
		<text name="UNKNOWN">	           						
			<en>Unknown</en> 
			<de>Unbekannt</de>
			<it>Sconosciuto</it>
			<fr>Inconnu</fr>   
		</text>
		<text name="input_ADToggleHud">
			<en>AD: Toggle HUD</en>
			<de>AD: HUD ein/ausblenden</de>	
			<it>AD: HUD mostra/nascondi</it>
			<fr>AD: Montrer/cacher HUD</fr>
		</text>
		<text name="input_ADToggleMouse">
			<en>AD: Toggle Mouse</en> 
			<de>AD: Maus ein/ausblenden</de>
			<it>AD: Mouse mostra/nascondi</it>	
			<fr>AD: Montrer/cacher Souris</fr> 	
		</text>
		<text name="input_ADEnDisable"> 
			<en>AD: En/Disable</en>
			<de>AD: Ein/Ausschalten</de>
			<it>AD: Abilita/Disabilita</it>
			<fr>AD: Activer/Désactiver</fr> 
		</text>
		<text name="input_ADSilomode"> 
			<en>AD: Change mode</en>  	
			<de>AD: Modus wechseln</de>					
			<it>AD: Cambia modo</it>								
			<fr>AD: Changer mode</fr>  					
		</text>
		<text name="input_ADRecord">  							
			<en>AD: Record</en>  							
			<de>AD: Aufzeichnen</de>					
			<it>AD:	Registra</it>									
			<fr>AD: Enregistrer</fr>  					
		</text>
		<text name="input_ADSelectTarget">						
			<en>AD: Select Next Target</en>  				
			<de>AD: Ziel wählen</de>					
			<it>AD: Seleziona prossima destinazione</it>			
			<fr>AD: Sélect. prochaine destination</fr>  
		</text>
		<text name="input_ADSelectPreviousTarget">			
			<en>AD: Select Previous Target</en>  			
			<de>AD: Voriges Ziel wählen</de>			
			<it>AD: Seleziona precedente destinazione</it>			
			<fr>AD: Sélect. destination précédente</fr>	
		</text>
		<text name="input_AD_Speed_up">							
			<en>AD: Increase Speed</en>  					
			<de>AD: Geschwindigkeit erhöhen</de>		
			<it>AD: Incrementa velocità</it>						
			<fr>AD: Augmenter la vitesse</fr>  			
		</text>
		<text name="input_AD_Speed_down">					
			<en>AD: Decrease Speed</en>  					
			<de>AD: Geschwindigkeit verringern</de>		
			<it>AD: decrementa velocità</it>						
			<fr>AD: Réduire la vitesse</fr>  			
		</text>
		<text name="input_AD_export_routes">				
			<en>AD: Export Routes</en>  					
			<de>AD: Strecken exportieren</de>			
			<it>AD: Esporta percorsi</it>							
			<fr>AD: Exporter routes</fr>  				
		</text>
		<text name="input_AD_import_routes">				
			<en>AD: Import Routes</en>  					
			<de>AD: Strecken importieren</de>			
			<it>AD: Importa percorsi</it>							
			<fr>AD: Importer routes</fr>  			
		</text>
		<text name="input_AD_upload_routes">				
			<en>AD: Upload Routes</en>  					
			<de>AD: Strecken hochladen</de>																		
			<fr>AD: Uploader routes</fr>  				
		</text>
		<text name="input_AD_continue">							
			<en>AD: Continue</en>  							
			<de>AD: Weiterfahren</de>					
			<it>AD: Continua</it>									
			<fr>AD: Continuer</fr>  					
		</text>
		<text name="input_ADSelectTargetUnload">				
			<en>AD: Select Next Unload</en>  				
			<de>AD: Nächsten Abladepunkt</de>			
			<it>AD: Seleziona prossimo scarico</it>					
			<fr>AD: Sélect. prochain déchargement</fr>
		</text>
		<text name="input_ADSelectPreviousTargetUnload">		
			<en>AD: Select Previous Unload</en>  			
			<de>AD: Vorigen Abladepunkt</de>			
			<it>AD: Seleziona precedente scarico</it>				
			<fr>AD: Sélect. déchargement précédent</fr>	
		</text>
		<text name="input_ADActivateDebug">						
			<en>AD: Edit Mode</en> 							
			<de>AD: Editor Modus</de>						
			<it>AD: Attiva Modo Debug</it>					
			<fr>AD: Activer mode édition</fr>			
		</text>
		<text name="input_ADDebugShowClosest">				
			<en>AD: Show Closest Point</en>  				
			<de>AD: Naheliegendsten Punkt anzeigen</de>		
			<it>AD: Mostra punto vicino</it>				
			<fr>AD: Afficher point proche</fr>			
		</text>
		<text name="input_ADDebugSelectNeighbor">			
			<en>AD: Select Neighbor Point</en>  			
			<de>AD: Nachbarpunkt wählen</de>				
			<it>AD: Seleziona punto vicinanze</it>			
			<fr>AD: Sélecteur de connection</fr>		
		</text>
		<text name="input_ADDebugChangeNeighbor">			
			<en>AD: Select next Neighbor Point</en> 		
			<de>AD: Nächsten Nachbarpunkt wählen</de>		
			<it>AD: Seleziona altro punto vicinanze</it>	
			<fr>AD: Sélect. point suivant</fr>			
		</text>
		<text name="input_ADDebugCreateConnection">			
			<en>AD: Toggle connection between</en>  		
			<de>AD: Verbindung an/aus</de>					
			<it>AD: Crea/Togli connessione</it>				
			<fr>AD: Connecter entre</fr>				
		</text>
		<text name="input_ADDebugCreateMapMarker">			
			<en>AD: Create new Target</en>  				
			<de>AD: Neues Ziel erstellen</de>				
			<it>AD: Crea nuova destinazione</it>			
			<fr>AD: Créer nouvelle destination</fr>		
		</text>
		<text name="input_ADDebugDeleteWayPoint">			
			<en>AD: Delete Waypoint</en>  					
			<de>AD: Wegpunkt löschen</de>					
			<it>AD: Cancella punto percorso</it>			
			<fr>AD: Éffacer point de passage</fr>		
		</text>
		<text name="input_ADDebugForceUpdate">				
			<en>AD: Update ways</en>  						
			<de>AD: Wege neuberechnen</de>					
			<it>AD: Aggiorna percorsi</it>					
			<fr>AD: Màj des points</fr>					
		</text>
		<text name="input_ADDebugDeleteDestination">		
			<en>AD: Delete Destination</en>  			
			<de>AD: Ziel löschen</de>						
			<it>AD: Cancella Destinazione</it>  	
			<fr>AD: Éffacer point destination</fr>		
		</text>
		<text name="input_ADSelectNextFillType">		
			<en>AD: Select Next Filltype</en>  				
			<de>AD: Nächster Fruchttyp</de>			
			<it>AD: Select Next Filltype</it>			
			<fr>AD: Sélect. prochain type de fruit</fr>
		</text>
		<text name="input_ADSelectPreviousFillType">		
			<en>AD: Select Previous Filltype</en>  			
			<de>AD: Vorheriger Fruchttyp</de>	
			<fr>AD: Sélect. précédent type de fruit</fr>
		</text>			

		<text name="AD_Driver_of">
			<en>Driver of</en>
			<de>Der Fahrer von</de>
			<it>Autista di</it>
			<fr>Le conducteur de</fr>
		</text>

		<text name="AD_has_reached">
			<en>has reached</en>
			<de>ist angekommen bei</de>
			<it>ha raggiunto</it>
			<fr>est arrivé à</fr>
		</text>

		<text name="AD_got_stuck">
			<en>got stuck</en>
			<de>hat sich fest gefahren</de>
			<it>è bloccato</it>
			<fr>est bloqué</fr>
		</text>

		<text name="AD_cannot_reach">
			<en>can't reach</en>
			<de>hat keinen Weg gefunden zu</de>
			<fr>ne peut pas rejoindre</fr>
		</text>

		<text name="AD_new_marker">
			<en>New Goal:</en>
			<de>Neues Ziel:</de>
			<it>Nuovo obiettivo:</it>
			<fr>Nouvel objectif:</fr>
		</text>

		<text name="AD_new_marker_helptext">
			<en>Please enter new name (Stop with enter key)</en>
			<de>Namen eingeben - Beenden mit Enter-Taste</de>
			<it>Inserisci un nuovo nome (Completa con il tasto enter)</it>
			<fr>Veuillez entrer un nouveau nom (Validez avec Éntrée)</fr>
		</text>

		<text name="AD_Recalculationg_routes_status">
			<en>Recalculating routes. Please wait. Finished:</en>
			<de>Routen werden neuberechnet. Bitte warten. Berechnet:</de>
			<it>Ricalcola i percorsi. Attendi qualche istante. Finito:</it>
			<fr>Recalcul des routes. Veuilllez patienter. Terminé:</fr>
		</text>

		<text name="AD_MODE_DRIVETO">
			<en>Drive</en>
			<de>Fahren</de>
			<it>Drive</it>
			<fr>Conduite</fr>
		</text>

		<text name="AD_MODE_DELIVERTO">
			<en>Deliver</en>
			<de>Abladen</de>
			<it>Deliver</it>
			<fr>Livraison</fr>
		</text>

		<text name="AD_MODE_PICKUPANDDELIVER">
			<en>Pickup and Deliver</en>
			<de>Laden und abladen</de>
			<it>Pickup and Deliver</it>
			<fr>Chargement et livraison</fr>
		</text>
	</l10n>

	<actions>
		<action name="ADToggleMouse" 				category="VEHICLE" ignoreComboMask="false"/>
		<action name="ADToggleHud" 					category="VEHICLE" ignoreComboMask="false"/>
		<action name="ADEnDisable" 					category="VEHICLE" ignoreComboMask="false"/>
		<action name="ADSelectTarget" 				category="VEHICLE" ignoreComboMask="false"/>
		<action name="ADSelectPreviousTarget" 		category="VEHICLE" ignoreComboMask="false"/>
		<action name="ADSelectTargetUnload" 		category="VEHICLE" ignoreComboMask="false"/>
		<action name="ADSelectPreviousTargetUnload" category="VEHICLE" ignoreComboMask="false"/>
		<action name="ADActivateDebug" 				category="VEHICLE" ignoreComboMask="false"/>
		<action name="ADDebugShowClosest" 			category="VEHICLE" ignoreComboMask="false"/>
		<action name="ADDebugSelectNeighbor" 		category="VEHICLE" ignoreComboMask="false"/>
		<action name="ADDebugChangeNeighbor" 		category="VEHICLE" ignoreComboMask="false"/>
		<action name="ADDebugCreateConnection" 		category="VEHICLE" ignoreComboMask="false"/>
		<action name="ADDebugCreateMapMarker" 		category="VEHICLE" ignoreComboMask="false"/>
		<action name="ADDebugDeleteWayPoint" 		category="VEHICLE" ignoreComboMask="false"/>
		<action name="ADDebugForceUpdate" 			category="VEHICLE" ignoreComboMask="false"/>
		<action name="ADDebugDeleteDestination" 	category="VEHICLE" ignoreComboMask="false"/>
		<action name="ADSelectNextFillType" 		category="VEHICLE" ignoreComboMask="false"/>
		<action name="ADSelectPreviousFillType" 	category="VEHICLE" ignoreComboMask="false"/>
		<action name="ADRecord"	 					category="VEHICLE" ignoreComboMask="false"/>
		<action name="AD_export_routes" 			category="VEHICLE" ignoreComboMask="false"/>
		<action name="AD_import_routes"	 			category="VEHICLE" ignoreComboMask="false"/>
		<action name="AD_upload_routes"	 			category="VEHICLE" ignoreComboMask="false"/>
		<action name="ADSilomode" 					category="VEHICLE" ignoreComboMask="false"/>
	</actions>

	<inputBinding>
		<actionBinding action="ADToggleHud">
			<binding device="KB_MOUSE_DEFAULT" input="KEY_lalt KEY_KP_0" />
			<binding device="0_XINPUT_GAMEPAD" input="BUTTON_5 BUTTON_17" />
		</actionBinding>
		<actionBinding action="ADToggleMouse">
        	<binding device="KB_MOUSE_DEFAULT" input="MOUSE_BUTTON_MIDDLE" 			axisComponent="+" neutralInput="0" index="3"/>
        	<binding device="0_XINPUT_GAMEPAD" input="BUTTON_5 BUTTON_6 BUTTON_19" 	axisComponent="+" neutralInput="0" index="1"/>
		</actionBinding>
		<actionBinding action="ADEnDisable">
			<binding device="KB_MOUSE_DEFAULT" input="KEY_lctrl KEY_lalt KEY_up" axisComponent="+" inputComponent="+" index="1"/>
        	<binding device="0_XINPUT_GAMEPAD" input="BUTTON_5 BUTTON_6 BUTTON_17" axisComponent="+" neutralInput="0" index="1"/>
		</actionBinding>
		<actionBinding action="ADSelectTarget">
        	<binding device="KB_MOUSE_DEFAULT" input="KEY_lctrl KEY_lalt KEY_right" axisComponent="+" neutralInput="0" index="1"/>
        	<binding device="0_XINPUT_GAMEPAD" input="BUTTON_5 BUTTON_6 BUTTON_18" axisComponent="+" neutralInput="0" index="1"/>
		</actionBinding>
		<actionBinding action="ADSelectPreviousTarget">
			<binding device="KB_MOUSE_DEFAULT" input="KEY_lctrl KEY_lalt KEY_left" axisComponent="+" neutralInput="0" index="1"/>
			<binding device="0_XINPUT_GAMEPAD" input="BUTTON_5 BUTTON_6 BUTTON_20" axisComponent="+" neutralInput="0" index="1"/>
		</actionBinding>
		<actionBinding action="ADSelectTargetUnload">
        	<binding device="0_XINPUT_GAMEPAD" input="BUTTON_5 BUTTON_6 AXIS_3+" axisComponent="+" neutralInput="0" index="1"/>
		</actionBinding>
		<actionBinding action="ADSelectPreviousTargetUnload">
        	<binding device="0_XINPUT_GAMEPAD" input="BUTTON_5 BUTTON_6 AXIS_3-" axisComponent="+" neutralInput="0" index="1"/>
		</actionBinding>
		<actionBinding action="ADActivateDebug">
        	<binding device="0_XINPUT_GAMEPAD" input="BUTTON_5 BUTTON_6 BUTTON_11" axisComponent="+" neutralInput="0" index="1"/>
		</actionBinding>
		<actionBinding action="ADDebugShowClosest">
        	<binding device="0_XINPUT_GAMEPAD" input="BUTTON_5 BUTTON_6 BUTTON_10" axisComponent="+" neutralInput="0" index="1"/>
		</actionBinding>
		<actionBinding action="ADDebugSelectNeighbor">
        	<binding device="0_XINPUT_GAMEPAD" input="BUTTON_5 BUTTON_6 BUTTON_9" axisComponent="+" neutralInput="0" index="1"/>
		</actionBinding>
		<actionBinding action="ADDebugChangeNeighbor">
       	 	<binding device="0_XINPUT_GAMEPAD" input="BUTTON_5 BUTTON_6 AXIS_4-" axisComponent="+" neutralInput="0" index="1"/>
		</actionBinding>
		<actionBinding action="ADDebugCreateConnection">
        	<binding device="0_XINPUT_GAMEPAD" input="BUTTON_5 BUTTON_6 BUTTON_12" axisComponent="+" neutralInput="0" index="1"/>
		</actionBinding>
		<actionBinding action="ADSelectNextFillType">
        	<binding device="KB_MOUSE_DEFAULT" input="KEY_lctrl KEY_lalt KEY_o" axisComponent="+" neutralInput="0" index="1"/>
        	<binding device="0_XINPUT_GAMEPAD" input="BUTTON_5 BUTTON_6 AXIS_2-" axisComponent="+" neutralInput="0" index="1"/>
		</actionBinding>
		<actionBinding action="ADSelectPreviousFillType">
        	<binding device="KB_MOUSE_DEFAULT" input="KEY_lctrl KEY_lalt KEY_KP_4" axisComponent="+" neutralInput="0" index="1"/>
        	<binding device="0_XINPUT_GAMEPAD" input="BUTTON_5 BUTTON_6 AXIS_2+" axisComponent="+" neutralInput="0" index="1"/>
		</actionBinding>
		<actionBinding action="ADRecord">
			<binding device="0_XINPUT_GAMEPAD" input="BUTTON_5 BUTTON_6 BUTTON_3" axisComponent="+" neutralInput="0" index="1"/>
		</actionBinding>
		<actionBinding action="AD_import_routes">
        	<binding device="KB_MOUSE_DEFAULT" input="KEY_lalt KEY_lctrl KEY_KP_1" axisComponent="+" neutralInput="0" index="1"/>
		</actionBinding>
		<actionBinding action="AD_export_routes">
        	<binding device="KB_MOUSE_DEFAULT" input="KEY_lctrl KEY_lalt KEY_KP_2" axisComponent="+" neutralInput="0" index="1"/>
		</actionBinding>
		<actionBinding action="AD_upload_routes">
        	<binding device="KB_MOUSE_DEFAULT" input="KEY_lctrl KEY_lalt KEY_KP_3" axisComponent="+" neutralInput="0" index="1"/>
		</actionBinding>
		<actionBinding action="ADSilomode">
       	 	<binding device="0_XINPUT_GAMEPAD" input="BUTTON_5 BUTTON_6 AXIS_4+" axisComponent="+" neutralInput="0" index="1"/>
		</actionBinding>
	</inputBinding>
</modDesc>
