<?xml version="1.0" encoding="utf-8" standalone="no" ?>
<GUI name="autoDriveDebugSettings">
	<GuiElement type="empty" profile="uiInGameMenuFrame">
		<!-- Static page header -->
		<GuiElement type="empty" profile="ingameMenuFrameHeaderPanel" position="130px -60px">
			<GuiElement type="bitmap" profile="ingameMenuGeneralSettingsHeaderIcon" position="0px 0px" id="headerIcon" />
			<GuiElement type="text" profile="ingameMenuFrameHeaderText" position="80px 0px" text="$l10n_gui_ad_debugSettingsPage_title" />
		</GuiElement>

		<GuiElement type="bitmap" profile="ingameMenuSettingsBox" position="130px -124px" id="settingsContainer">
			<GuiElement type="boxLayout" profile="ingameMenuSettingsLayout" size="1560px 654px" position="50px -50px">
				<GuiElement type="bitmap" profile="autoDriveDebugSettingsCheckbox" onCreate="onCreateCheckbox" onCreateArgs="1">
					<GuiElement type="toggleButton" profile="autoDriveDebugSettingsCheckboxToggle" onClick="onClickToggle">
						<GuiElement type="button" profile="autoDriveDebugSettingsCheckboxToggleTick" />
						<GuiElement type="button" profile="autoDriveDebugSettingsCheckboxToggleUntick" />
						<GuiElement type="bitmap" profile="autoDriveDebugSettingsCheckboxToggleIcon" imageUVs="0px 0px 128px 128px" />
						<GuiElement type="text" profile="autoDriveDebugSettingsCheckboxToggleText" text="$l10n_gui_ad_debugChannelVehicle" />
					</GuiElement>
				</GuiElement>
				<GuiElement type="bitmap" profile="autoDriveDebugSettingsCheckbox" onCreate="onCreateCheckbox" onCreateArgs="2">
					<GuiElement type="toggleButton" profile="autoDriveDebugSettingsCheckboxToggle" onClick="onClickToggle">
						<GuiElement type="button" profile="autoDriveDebugSettingsCheckboxToggleTick" />
						<GuiElement type="button" profile="autoDriveDebugSettingsCheckboxToggleUntick" />
						<GuiElement type="bitmap" profile="autoDriveDebugSettingsCheckboxToggleIcon" imageUVs="128px 0px 128px 128px" />
						<GuiElement type="text" profile="autoDriveDebugSettingsCheckboxToggleText" text="$l10n_gui_ad_debugChannelCombine" />
					</GuiElement>
				</GuiElement>
				<GuiElement type="bitmap" profile="autoDriveDebugSettingsCheckbox" onCreate="onCreateCheckbox" onCreateArgs="4">
					<GuiElement type="toggleButton" profile="autoDriveDebugSettingsCheckboxToggle" onClick="onClickToggle">
						<GuiElement type="button" profile="autoDriveDebugSettingsCheckboxToggleTick" />
						<GuiElement type="button" profile="autoDriveDebugSettingsCheckboxToggleUntick" />
						<GuiElement type="bitmap" profile="autoDriveDebugSettingsCheckboxToggleIcon" imageUVs="256px 0px 128px 128px" />
						<GuiElement type="text" profile="autoDriveDebugSettingsCheckboxToggleText" text="$l10n_gui_ad_debugChannelTrailer" />
					</GuiElement>
				</GuiElement>
				<GuiElement type="bitmap" profile="autoDriveDebugSettingsCheckbox" onCreate="onCreateCheckbox" onCreateArgs="8">
					<GuiElement type="toggleButton" profile="autoDriveDebugSettingsCheckboxToggle" onClick="onClickToggle">
						<GuiElement type="button" profile="autoDriveDebugSettingsCheckboxToggleTick" />
						<GuiElement type="button" profile="autoDriveDebugSettingsCheckboxToggleUntick" />
						<GuiElement type="bitmap" profile="autoDriveDebugSettingsCheckboxToggleIcon" imageUVs="384px 0px 128px 128px" />
						<GuiElement type="text" profile="autoDriveDebugSettingsCheckboxToggleText" text="$l10n_gui_ad_debugChannelDev" />
					</GuiElement>
				</GuiElement>
				<GuiElement type="bitmap" profile="autoDriveDebugSettingsCheckbox" onCreate="onCreateCheckbox" onCreateArgs="16">
					<GuiElement type="toggleButton" profile="autoDriveDebugSettingsCheckboxToggle" onClick="onClickToggle">
						<GuiElement type="button" profile="autoDriveDebugSettingsCheckboxToggleTick" />
						<GuiElement type="button" profile="autoDriveDebugSettingsCheckboxToggleUntick" />
						<GuiElement type="bitmap" profile="autoDriveDebugSettingsCheckboxToggleIcon" imageUVs="512px 0px 128px 128px" />
						<GuiElement type="text" profile="autoDriveDebugSettingsCheckboxToggleText" text="$l10n_gui_ad_debugChannelPath" />
					</GuiElement>
				</GuiElement>
				<GuiElement type="bitmap" profile="autoDriveDebugSettingsCheckbox" onCreate="onCreateCheckbox" onCreateArgs="32">
					<GuiElement type="toggleButton" profile="autoDriveDebugSettingsCheckboxToggle" onClick="onClickToggle">
						<GuiElement type="button" profile="autoDriveDebugSettingsCheckboxToggleTick" />
						<GuiElement type="button" profile="autoDriveDebugSettingsCheckboxToggleUntick" />
						<GuiElement type="bitmap" profile="autoDriveDebugSettingsCheckboxToggleIcon" imageUVs="640px 0px 128px 128px" />
						<GuiElement type="text" profile="autoDriveDebugSettingsCheckboxToggleText" text="$l10n_gui_ad_debugChannelSensor" />
					</GuiElement>
				</GuiElement>
				<GuiElement type="bitmap" profile="autoDriveDebugSettingsCheckbox" onCreate="onCreateCheckbox" onCreateArgs="64">
					<GuiElement type="toggleButton" profile="autoDriveDebugSettingsCheckboxToggle" onClick="onClickToggle">
						<GuiElement type="button" profile="autoDriveDebugSettingsCheckboxToggleTick" />
						<GuiElement type="button" profile="autoDriveDebugSettingsCheckboxToggleUntick" />
						<GuiElement type="bitmap" profile="autoDriveDebugSettingsCheckboxToggleIcon" imageUVs="768px 0px 128px 128px" />
						<GuiElement type="text" profile="autoDriveDebugSettingsCheckboxToggleText" text="$l10n_gui_ad_debugChannelNetwork" />
					</GuiElement>
				</GuiElement>
				<GuiElement type="bitmap" profile="autoDriveDebugSettingsCheckbox" onCreate="onCreateCheckbox" onCreateArgs="128">
					<GuiElement type="toggleButton" profile="autoDriveDebugSettingsCheckboxToggle" onClick="onClickToggle">
						<GuiElement type="button" profile="autoDriveDebugSettingsCheckboxToggleTick" />
						<GuiElement type="button" profile="autoDriveDebugSettingsCheckboxToggleUntick" />
						<GuiElement type="bitmap" profile="autoDriveDebugSettingsCheckboxToggleIcon" imageUVs="896px 0px 128px 128px" />
						<GuiElement type="text" profile="autoDriveDebugSettingsCheckboxToggleText" text="$l10n_gui_ad_debugChannelExternalInterface" />
					</GuiElement>
				</GuiElement>
				<GuiElement type="bitmap" profile="autoDriveDebugSettingsCheckbox" onCreate="onCreateCheckbox" onCreateArgs="256">
					<GuiElement type="toggleButton" profile="autoDriveDebugSettingsCheckboxToggle" onClick="onClickToggle">
						<GuiElement type="button" profile="autoDriveDebugSettingsCheckboxToggleTick" />
						<GuiElement type="button" profile="autoDriveDebugSettingsCheckboxToggleUntick" />
						<GuiElement type="bitmap" profile="autoDriveDebugSettingsCheckboxToggleIcon" imageUVs="128px 128px 128px 128px" />
						<GuiElement type="text" profile="autoDriveDebugSettingsCheckboxToggleText" text="$l10n_gui_ad_debugChannelRender" />
					</GuiElement>
				</GuiElement>
				<GuiElement type="bitmap" profile="autoDriveDebugSettingsCheckbox" onCreate="onCreateCheckbox" onCreateArgs="65535">
					<GuiElement type="toggleButton" profile="autoDriveDebugSettingsCheckboxToggle" onClick="onClickToggle">
						<GuiElement type="button" profile="autoDriveDebugSettingsCheckboxToggleTick" />
						<GuiElement type="button" profile="autoDriveDebugSettingsCheckboxToggleUntick" />
						<GuiElement type="bitmap" profile="autoDriveDebugSettingsCheckboxToggleIcon" imageUVs="0px 128px 128px 128px" />
						<GuiElement type="text" profile="autoDriveDebugSettingsCheckboxToggleText" text="$l10n_gui_ad_debugChannelAll" />
					</GuiElement>
				</GuiElement>
			</GuiElement>
		</GuiElement>
	</GuiElement>
</GUI>