<?xml version="1.0" encoding="utf-8" standalone="no" ?>
<GUI onOpen="onOpen" onClose="onClose" onCreate="onCreate">
    <GuiElement type="empty" profile="newLayer" />
    <GuiElement type="bitmap" profile="dialogFullscreenBg" />

    <GuiElement type="bitmap" profile="yesNoDialogBg" position="0px -150px" size="810px 780px" screenAlign="topCenter" positionOrigin="topCenter">
        <GuiElement type="bitmap" profile="dialogHeaderDocked">
            <GuiElement type="text" profile="dialogHeaderText" text="$l10n_gui_ad_routesManagerTitle" />
        </GuiElement>

        <GuiElement type="text" profile="sleepDialogText" position="0px -25px" size="714px 20px" textAlignment="left" screenAlign="topCenter" positionOrigin="topCenter" text="$l10n_gui_ad_routesManagerTextTitle" />

        <GuiElement type="textInput" profile="dialogTextInput" id="textInputElement" position="0px -60px" size = "720px 42px" screenAlign="topCenter" positionOrigin="topCenter" onEnterPressed="onEnterPressed" onEscPressed="onEscPressed" maxCharacters="20" text="Route 1" />

        <GuiElement type="empty" profile="autoDriveRoutesManagerNavigationBox">

            <GuiElement type="list" profile="autoDriveRoutesManagerList" position="1px -1px" onSelectionChanged="onListSelectionChanged" onDoubleClick="onDoubleClick" id="autoDriveRoutesManagerList">
                <GuiElement type="listItem" profile="autoDriveRoutesManagerListItem" id="listItemTemplate">
                    <GuiElement type="text" profile="autoDriveRoutesManagerItemText" text="Route 10" name="listItemText" />
                    <GuiElement type="text" profile="autoDriveRoutesManagerItemDate" text="2020/02/27 18:13:44" name="listItemDate" />
                </GuiElement>
            </GuiElement>

            <GuiElement type="bitmap" profile="verticalGlassListSliderBackground" size="28px 598px" position="-1px -1px">
                <GuiElement type="slider" profile="verticalGlassListSlider" size="16px 586px" dataElementId="autoDriveRoutesManagerList" handleFocus="false" />
            </GuiElement>
        </GuiElement>

        <GuiElement type="flowLayout" profile="buttonBoxDocked">
            <GuiElement type="button" profile="buttonBack" text="$l10n_button_back" onClick="onClickBack" />
            <GuiElement type="button" profile="buttonOK" text="$l10n_gui_ad_button_export" onClick="onClickOk" />
            <GuiElement type="button" profile="buttonCancel" text="$l10n_gui_ad_button_import" onClick="onClickCancel" />
            <GuiElement type="button" profile="buttonActivate" text="$l10n_button_delete" onClick="onClickActivate" />
        </GuiElement>
    </GuiElement>
</GUI>