<?xml version="1.0" encoding="utf-8" standalone="no" ?>
<GUI name="autoDriveVehicleSettings">
	<GuiElement type="empty" profile="uiInGameMenuFrame">
		<!-- Static page header -->
		<GuiElement type="empty" profile="ingameMenuFrameHeaderPanel" position="130px -60px">
			<GuiElement type="bitmap" profile="ingameMenuGeneralSettingsHeaderIcon" position="0px 0px" id="headerIcon" />
			<GuiElement type="text" profile="ingameMenuFrameHeaderText" position="80px 0px" text="$l10n_gui_ad_vehicleSettingsPage_title" />
		</GuiElement>

		<GuiElement type="bitmap" profile="ingameMenuSettingsBox" position="130px -124px" id="settingsContainer">
			<GuiElement type="boxLayout" profile="ingameMenuSettingsLayout" position="50px -50px">

				<GuiElement type="multiTextOption" profile="multiTextOptionSettings" onCreate="onCreateAutoDriveSetting" onClick="onOptionChange" name="pipeOffset" toolTipElementId="ingameMenuHelpBoxText">
					<GuiElement type="button" profile="multiTextOptionSettingsLeft" />
					<GuiElement type="button" profile="multiTextOptionSettingsRight" />
					<GuiElement type="text" profile="multiTextOptionSettingsText" />
					<GuiElement type="text" profile="multiTextOptionSettingsTitle" position="27px 6px" />
					<GuiElement type="bitmap" profile="multiTextOptionSettingsBg" />
					<GuiElement type="bitmap" profile="baseReference" screenAlign="topLeft" position="5px 4px" size="17px 17px" />
				</GuiElement>
				<GuiElement type="multiTextOption" profile="multiTextOptionSettings" onCreate="onCreateAutoDriveSetting" onClick="onOptionChange" name="trailerOffset" toolTipElementId="ingameMenuHelpBoxText">
					<GuiElement type="button" profile="multiTextOptionSettingsLeft" />
					<GuiElement type="button" profile="multiTextOptionSettingsRight" />
					<GuiElement type="text" profile="multiTextOptionSettingsText" />
					<GuiElement type="text" profile="multiTextOptionSettingsTitle" position="27px 6px" />
					<GuiElement type="bitmap" profile="multiTextOptionSettingsBg" />
					<GuiElement type="bitmap" profile="baseReference" screenAlign="topLeft" position="5px 4px" size="17px 17px" />
				</GuiElement>
				<GuiElement type="multiTextOption" profile="multiTextOptionSettings" onCreate="onCreateAutoDriveSetting" onClick="onOptionChange" name="followDistance" toolTipElementId="ingameMenuHelpBoxText">
					<GuiElement type="button" profile="multiTextOptionSettingsLeft" />
					<GuiElement type="button" profile="multiTextOptionSettingsRight" />
					<GuiElement type="text" profile="multiTextOptionSettingsText" />
					<GuiElement type="text" profile="multiTextOptionSettingsTitle" position="27px 6px" />
					<GuiElement type="bitmap" profile="multiTextOptionSettingsBg" />
					<GuiElement type="bitmap" profile="baseReference" screenAlign="topLeft" position="5px 4px" size="17px 17px" />
				</GuiElement>
				<GuiElement type="multiTextOption" profile="multiTextOptionSettings" onCreate="onCreateAutoDriveSetting" onClick="onOptionChange" name="unloadFillLevel" toolTipElementId="ingameMenuHelpBoxText">
					<GuiElement type="button" profile="multiTextOptionSettingsLeft" />
					<GuiElement type="button" profile="multiTextOptionSettingsRight" />
					<GuiElement type="text" profile="multiTextOptionSettingsText" />
					<GuiElement type="text" profile="multiTextOptionSettingsTitle" position="27px 6px" />
					<GuiElement type="bitmap" profile="multiTextOptionSettingsBg" />
					<GuiElement type="bitmap" profile="baseReference" screenAlign="topLeft" position="5px 4px" size="17px 17px" />
				</GuiElement>
				<GuiElement type="multiTextOption" profile="multiTextOptionSettings" onCreate="onCreateAutoDriveSetting" onClick="onOptionChange" name="parkInField" toolTipElementId="ingameMenuHelpBoxText">
					<GuiElement type="button" profile="multiTextOptionSettingsLeft" />
					<GuiElement type="button" profile="multiTextOptionSettingsRight" />
					<GuiElement type="text" profile="multiTextOptionSettingsText" />
					<GuiElement type="text" profile="multiTextOptionSettingsTitle" position="27px 6px" />
					<GuiElement type="bitmap" profile="multiTextOptionSettingsBg" />
					<GuiElement type="bitmap" profile="baseReference" screenAlign="topLeft" position="5px 4px" size="17px 17px" />
				</GuiElement>
				<GuiElement type="multiTextOption" profile="multiTextOptionSettings" onCreate="onCreateAutoDriveSetting" onClick="onOptionChange" name="shovelWidth" toolTipElementId="ingameMenuHelpBoxText">
					<GuiElement type="button" profile="multiTextOptionSettingsLeft" />
					<GuiElement type="button" profile="multiTextOptionSettingsRight" />
					<GuiElement type="text" profile="multiTextOptionSettingsText" />
					<GuiElement type="text" profile="multiTextOptionSettingsTitle" position="27px 6px" />
					<GuiElement type="bitmap" profile="multiTextOptionSettingsBg" />
					<GuiElement type="bitmap" profile="baseReference" screenAlign="topLeft" position="5px 4px" size="17px 17px" />
				</GuiElement>
				<GuiElement type="multiTextOption" profile="multiTextOptionSettings" onCreate="onCreateAutoDriveSetting" onClick="onOptionChange" name="shovelHeight" toolTipElementId="ingameMenuHelpBoxText">
					<GuiElement type="button" profile="multiTextOptionSettingsLeft" />
					<GuiElement type="button" profile="multiTextOptionSettingsRight" />
					<GuiElement type="text" profile="multiTextOptionSettingsText" />
					<GuiElement type="text" profile="multiTextOptionSettingsTitle" position="27px 6px" />
					<GuiElement type="bitmap" profile="multiTextOptionSettingsBg" />
					<GuiElement type="bitmap" profile="baseReference" screenAlign="topLeft" position="5px 4px" size="17px 17px" />
				</GuiElement>
				<GuiElement type="multiTextOption" profile="multiTextOptionSettings" onCreate="onCreateAutoDriveSetting" onClick="onOptionChange" name="distributeToFolder" toolTipElementId="ingameMenuHelpBoxText">
					<GuiElement type="button" profile="multiTextOptionSettingsLeft" />
					<GuiElement type="button" profile="multiTextOptionSettingsRight" />
					<GuiElement type="text" profile="multiTextOptionSettingsText" />
					<GuiElement type="text" profile="multiTextOptionSettingsTitle" position="27px 6px" />
					<GuiElement type="bitmap" profile="multiTextOptionSettingsBg" />
					<GuiElement type="bitmap" profile="baseReference" screenAlign="topLeft" position="5px 4px" size="17px 17px" />
				</GuiElement>
				<GuiElement type="multiTextOption" profile="multiTextOptionSettings" onCreate="onCreateAutoDriveSetting" onClick="onOptionChange" name="autoRefuel" toolTipElementId="ingameMenuHelpBoxText">
					<GuiElement type="button" profile="multiTextOptionSettingsLeft" />
					<GuiElement type="button" profile="multiTextOptionSettingsRight" />
					<GuiElement type="text" profile="multiTextOptionSettingsText" />
					<GuiElement type="text" profile="multiTextOptionSettingsTitle" position="27px 6px" />
					<GuiElement type="bitmap" profile="multiTextOptionSettingsBg" />
					<GuiElement type="bitmap" profile="baseReference" screenAlign="topLeft" position="5px 4px" size="17px 17px" />
				</GuiElement>
				<GuiElement type="multiTextOption" profile="multiTextOptionSettings" onCreate="onCreateAutoDriveSetting" onClick="onOptionChange" name="exitField" toolTipElementId="ingameMenuHelpBoxText">
					<GuiElement type="button" profile="multiTextOptionSettingsLeft" />
					<GuiElement type="button" profile="multiTextOptionSettingsRight" />
					<GuiElement type="text" profile="multiTextOptionSettingsText" />
					<GuiElement type="text" profile="multiTextOptionSettingsTitle" position="27px 6px" />
					<GuiElement type="bitmap" profile="multiTextOptionSettingsBg" />
					<GuiElement type="bitmap" profile="baseReference" screenAlign="topLeft" position="5px 4px" size="17px 17px" />
				</GuiElement>
				<GuiElement type="multiTextOption" profile="multiTextOptionSettings" onCreate="onCreateAutoDriveSetting" onClick="onOptionChange" name="preCallDriver" toolTipElementId="ingameMenuHelpBoxText">
					<GuiElement type="button" profile="multiTextOptionSettingsLeft" />
					<GuiElement type="button" profile="multiTextOptionSettingsRight" />
					<GuiElement type="text" profile="multiTextOptionSettingsText" />
					<GuiElement type="text" profile="multiTextOptionSettingsTitle" position="27px 6px" />
					<GuiElement type="bitmap" profile="multiTextOptionSettingsBg" />
					<GuiElement type="bitmap" profile="baseReference" screenAlign="topLeft" position="5px 4px" size="17px 17px" />
				</GuiElement>
				<GuiElement type="multiTextOption" profile="multiTextOptionSettings" onCreate="onCreateAutoDriveSetting" onClick="onOptionChange" name="preCallLevel" toolTipElementId="ingameMenuHelpBoxText">
					<GuiElement type="button" profile="multiTextOptionSettingsLeft" />
					<GuiElement type="button" profile="multiTextOptionSettingsRight" />
					<GuiElement type="text" profile="multiTextOptionSettingsText" />
					<GuiElement type="text" profile="multiTextOptionSettingsTitle" position="27px 6px" />
					<GuiElement type="bitmap" profile="multiTextOptionSettingsBg" />
					<GuiElement type="bitmap" profile="baseReference" screenAlign="topLeft" position="5px 4px" size="17px 17px" />
				</GuiElement>
				<GuiElement type="multiTextOption" profile="multiTextOptionSettings" onCreate="onCreateAutoDriveSetting" onClick="onOptionChange" name="chaseCombine" toolTipElementId="ingameMenuHelpBoxText">
					<GuiElement type="button" profile="multiTextOptionSettingsLeft" />
					<GuiElement type="button" profile="multiTextOptionSettingsRight" />
					<GuiElement type="text" profile="multiTextOptionSettingsText" />
					<GuiElement type="text" profile="multiTextOptionSettingsTitle" position="27px 6px" />
					<GuiElement type="bitmap" profile="multiTextOptionSettingsBg" />
					<GuiElement type="bitmap" profile="baseReference" screenAlign="topLeft" position="5px 4px" size="17px 17px" />
				</GuiElement>
				<!--<GuiElement type="multiTextOption" profile="multiTextOptionSettings" onCreate="onCreateAutoDriveSetting" onClick="onOptionChange" name="fuelSaving" toolTipElementId="ingameMenuHelpBoxText">
					<GuiElement type="button" profile="multiTextOptionSettingsLeft" />
					<GuiElement type="button" profile="multiTextOptionSettingsRight" />
					<GuiElement type="text" profile="multiTextOptionSettingsText" />
					<GuiElement type="text" profile="multiTextOptionSettingsTitle" position="27px 6px" />
					<GuiElement type="bitmap" profile="multiTextOptionSettingsBg" />
					<GuiElement type="bitmap" profile="baseReference" screenAlign="topLeft" position="5px 4px" size="17px 17px" />
				</GuiElement>-->
			</GuiElement>
		</GuiElement>

		<GuiElement type="bitmap" profile="ingameMenuHelpRowBg" position="210px 64px" id="ingameMenuHelpBox" visible="false">
			<GuiElement type="bitmap" profile="ingameMenuHelpRowIcon" />
			<GuiElement type="text" profile="ingameMenuHelpRowText" id="ingameMenuHelpBoxText" onTextChanged="onIngameMenuHelpTextChanged" />
		</GuiElement>
	</GuiElement>
</GUI>