<?xml version="1.0" encoding="utf-8" standalone="no" ?>
<GUI name="autoDriveSettings">		
	<GuiElement type="empty" profile="autoDriveIngameMenuSettingsBox" size="1800px 720px" position="0px -130px" id="container">
		<!-- column 1 -->
		<GuiElement type="boxLayout" profile="ingameMenuSettingsLayout" position="50px 0px" >
			<GuiElement type="multiTextOption" profile="multiTextOptionSettings" onCreate="onCreateAutoDriveSetting" name="lookAheadTurning" toolTipElementId="ingameMenuHelpBoxText">
				<GuiElement type="button" profile="multiTextOptionSettingsLeft" />
				<GuiElement type="button" profile="multiTextOptionSettingsRight" />
				<GuiElement type="text" profile="multiTextOptionSettingsText" />
				<GuiElement type="text" profile="multiTextOptionSettingsTitle" />
				<GuiElement type="bitmap" profile="multiTextOptionSettingsBg" />
			</GuiElement>
			<GuiElement type="multiTextOption" profile="multiTextOptionSettings" onCreate="onCreateAutoDriveSetting" name="lookAheadBraking" toolTipElementId="ingameMenuHelpBoxText">
				<GuiElement type="button" profile="multiTextOptionSettingsLeft" />
				<GuiElement type="button" profile="multiTextOptionSettingsRight" />
				<GuiElement type="text" profile="multiTextOptionSettingsText" />
				<GuiElement type="text" profile="multiTextOptionSettingsTitle" />
				<GuiElement type="bitmap" profile="multiTextOptionSettingsBg" />
			</GuiElement>				
			<GuiElement type="multiTextOption" profile="multiTextOptionSettings" onCreate="onCreateAutoDriveSetting" name="useFastestRoute" toolTipElementId="ingameMenuHelpBoxText">
				<GuiElement type="button" profile="multiTextOptionSettingsLeft" />
				<GuiElement type="button" profile="multiTextOptionSettingsRight" />
				<GuiElement type="text" profile="multiTextOptionSettingsText" />
				<GuiElement type="text" profile="multiTextOptionSettingsTitle" />
				<GuiElement type="bitmap" profile="multiTextOptionSettingsBg" />
			</GuiElement>
			<GuiElement type="multiTextOption" profile="multiTextOptionSettings" onCreate="onCreateAutoDriveSetting" name="avoidMarkers" toolTipElementId="ingameMenuHelpBoxText">
				<GuiElement type="button" profile="multiTextOptionSettingsLeft" />
				<GuiElement type="button" profile="multiTextOptionSettingsRight" />
				<GuiElement type="text" profile="multiTextOptionSettingsText" />
				<GuiElement type="text" profile="multiTextOptionSettingsTitle" />
				<GuiElement type="bitmap" profile="multiTextOptionSettingsBg" />
			</GuiElement>	
			<GuiElement type="multiTextOption" profile="multiTextOptionSettings" onCreate="onCreateAutoDriveSetting" name="mapMarkerDetour" toolTipElementId="ingameMenuHelpBoxText">
				<GuiElement type="button" profile="multiTextOptionSettingsLeft" />
				<GuiElement type="button" profile="multiTextOptionSettingsRight" />
				<GuiElement type="text" profile="multiTextOptionSettingsText" />
				<GuiElement type="text" profile="multiTextOptionSettingsTitle" />
				<GuiElement type="bitmap" profile="multiTextOptionSettingsBg" />
			</GuiElement>		
			<GuiElement type="multiTextOption" profile="multiTextOptionSettings" onCreate="onCreateAutoDriveSetting" name="continueOnEmptySilo" toolTipElementId="ingameMenuHelpBoxText">
				<GuiElement type="button" profile="multiTextOptionSettingsLeft" />
				<GuiElement type="button" profile="multiTextOptionSettingsRight" />
				<GuiElement type="text" profile="multiTextOptionSettingsText" />
				<GuiElement type="text" profile="multiTextOptionSettingsTitle" />
				<GuiElement type="bitmap" profile="multiTextOptionSettingsBg" />
			</GuiElement>		
			<GuiElement type="multiTextOption" profile="multiTextOptionSettings" onCreate="onCreateAutoDriveSetting" name="autoConnectStart" toolTipElementId="ingameMenuHelpBoxText">
				<GuiElement type="button" profile="multiTextOptionSettingsLeft" />
				<GuiElement type="button" profile="multiTextOptionSettingsRight" />
				<GuiElement type="text" profile="multiTextOptionSettingsText" />
				<GuiElement type="text" profile="multiTextOptionSettingsTitle" />
				<GuiElement type="bitmap" profile="multiTextOptionSettingsBg" />
			</GuiElement>		
			<GuiElement type="multiTextOption" profile="multiTextOptionSettings" onCreate="onCreateAutoDriveSetting" name="autoConnectEnd" toolTipElementId="ingameMenuHelpBoxText">
				<GuiElement type="button" profile="multiTextOptionSettingsLeft" />
				<GuiElement type="button" profile="multiTextOptionSettingsRight" />
				<GuiElement type="text" profile="multiTextOptionSettingsText" />
				<GuiElement type="text" profile="multiTextOptionSettingsTitle" />
				<GuiElement type="bitmap" profile="multiTextOptionSettingsBg" />
			</GuiElement>	
			<GuiElement type="multiTextOption" profile="multiTextOptionSettings" onCreate="onCreateAutoDriveSetting" name="guiScale" toolTipElementId="ingameMenuHelpBoxText">
				<GuiElement type="button" profile="multiTextOptionSettingsLeft" />
				<GuiElement type="button" profile="multiTextOptionSettingsRight" />
				<GuiElement type="text" profile="multiTextOptionSettingsText" />
				<GuiElement type="text" profile="multiTextOptionSettingsTitle" />
				<GuiElement type="bitmap" profile="multiTextOptionSettingsBg" />
			</GuiElement>	
			<GuiElement type="multiTextOption" profile="multiTextOptionSettings" onCreate="onCreateAutoDriveSetting" name="showHelp" toolTipElementId="ingameMenuHelpBoxText">
				<GuiElement type="button" profile="multiTextOptionSettingsLeft" />
				<GuiElement type="button" profile="multiTextOptionSettingsRight" />
				<GuiElement type="text" profile="multiTextOptionSettingsText" />
				<GuiElement type="text" profile="multiTextOptionSettingsTitle" />
				<GuiElement type="bitmap" profile="multiTextOptionSettingsBg" />
			</GuiElement>	
			<GuiElement type="multiTextOption" profile="multiTextOptionSettings" onCreate="onCreateAutoDriveSetting" name="driverWages" toolTipElementId="ingameMenuHelpBoxText">
				<GuiElement type="button" profile="multiTextOptionSettingsLeft" />
				<GuiElement type="button" profile="multiTextOptionSettingsRight" />
				<GuiElement type="text" profile="multiTextOptionSettingsText" />
				<GuiElement type="text" profile="multiTextOptionSettingsTitle" />
				<GuiElement type="bitmap" profile="multiTextOptionSettingsBg" />
			</GuiElement>	
			<GuiElement type="multiTextOption" profile="multiTextOptionSettings" onCreate="onCreateAutoDriveSetting" name="recalculationSpeed" toolTipElementId="ingameMenuHelpBoxText">
				<GuiElement type="button" profile="multiTextOptionSettingsLeft" />
				<GuiElement type="button" profile="multiTextOptionSettingsRight" />
				<GuiElement type="text" profile="multiTextOptionSettingsText" />
				<GuiElement type="text" profile="multiTextOptionSettingsTitle" />
				<GuiElement type="bitmap" profile="multiTextOptionSettingsBg" />
			</GuiElement>		
			<GuiElement type="multiTextOption" profile="multiTextOptionSettings" onCreate="onCreateAutoDriveSetting" name="showNextPath" toolTipElementId="ingameMenuHelpBoxText">
				<GuiElement type="button" profile="multiTextOptionSettingsLeft" />
				<GuiElement type="button" profile="multiTextOptionSettingsRight" />
				<GuiElement type="text" profile="multiTextOptionSettingsText" />
				<GuiElement type="text" profile="multiTextOptionSettingsTitle" />
				<GuiElement type="bitmap" profile="multiTextOptionSettingsBg" />
			</GuiElement>		
			<GuiElement type="multiTextOption" profile="multiTextOptionSettings" onCreate="onCreateAutoDriveSetting" name="lineHeight" toolTipElementId="ingameMenuHelpBoxText">
				<GuiElement type="button" profile="multiTextOptionSettingsLeft" />
				<GuiElement type="button" profile="multiTextOptionSettingsRight" />
				<GuiElement type="text" profile="multiTextOptionSettingsText" />
				<GuiElement type="text" profile="multiTextOptionSettingsTitle" />
				<GuiElement type="bitmap" profile="multiTextOptionSettingsBg" />
			</GuiElement>
			<GuiElement type="multiTextOption" profile="multiTextOptionSettings" onCreate="onCreateAutoDriveSetting" name="enableTrafficDetection" toolTipElementId="ingameMenuHelpBoxText">
				<GuiElement type="button" profile="multiTextOptionSettingsLeft" />
				<GuiElement type="button" profile="multiTextOptionSettingsRight" />
				<GuiElement type="text" profile="multiTextOptionSettingsText" />
				<GuiElement type="text" profile="multiTextOptionSettingsTitle" />
				<GuiElement type="bitmap" profile="multiTextOptionSettingsBg" />
			</GuiElement>	
			<GuiElement type="multiTextOption" profile="multiTextOptionSettings" onCreate="onCreateAutoDriveSetting" name="refillSeedAndFertilizer" toolTipElementId="ingameMenuHelpBoxText">
				<GuiElement type="button" profile="multiTextOptionSettingsLeft" />
				<GuiElement type="button" profile="multiTextOptionSettingsRight" />
				<GuiElement type="text" profile="multiTextOptionSettingsText" />
				<GuiElement type="text" profile="multiTextOptionSettingsTitle" />
				<GuiElement type="bitmap" profile="multiTextOptionSettingsBg" />
			</GuiElement>
			<GuiElement type="multiTextOption" profile="multiTextOptionSettings" onCreate="onCreateAutoDriveSetting" name="useFolders" toolTipElementId="ingameMenuHelpBoxText">
				<GuiElement type="button" profile="multiTextOptionSettingsLeft" />
				<GuiElement type="button" profile="multiTextOptionSettingsRight" />
				<GuiElement type="text" profile="multiTextOptionSettingsText" />
				<GuiElement type="text" profile="multiTextOptionSettingsTitle" />
				<GuiElement type="bitmap" profile="multiTextOptionSettingsBg" />
			</GuiElement>	
		</GuiElement>
		

		<GuiElement type="bitmap" profile="autoDriveingameMenuHelpRowBg" position="80px 80px" id="ingameMenuHelpBox" visible="true">
			<GuiElement type="bitmap" profile="ingameMenuHelpRowIcon" />
			<GuiElement type="text" profile="ingameMenuHelpRowText" id="ingameMenuHelpBoxText" text="" onTextChanged="onIngameMenuHelpTextChanged"/>
		</GuiElement>		
	</GuiElement>
</GUI>