<?xml version="1.0" encoding="utf-8" standalone="no" ?>
<!--
--
-- AutoDrive Settings GUI
-- V1.0.0.0
--
-- @author Stephan Schlosser
-- @date 08/04/2019
-->
<GUI onOpen="onOpen" onClose="onClose" onCreate="onCreate">
	<GuiElement type="bitmap" profile="uiFullInGameBackground" />

	<!-- Header  -->
	<GuiElement type="empty" profile="ingameMenuFrameHeaderPanel" position="130px -130px">
		<GuiElement type="bitmap" profile="ingameMenuGeneralSettingsHeaderIcon" position="0px 0px"/>
		<GuiElement type="text" profile="ingameMenuFrameHeaderText" position="80px 0px" onCreate="onCreateadSettingsGuiHeader" text="$l10n_gui_ad_Setting" />
	</GuiElement>	
	
	<GuiElement type="empty" profile="ingameMenuSettingsBox" position="130px -200px">
		<!-- column 1 -->
		<GuiElement type="boxLayout" profile="ingameMenuSettingsLayout" position="50px -50px" >
			<GuiElement type="multiTextOption" profile="multiTextOptionSettings" onCreate="onCreateAutoDriveSettingPipeOffset" toolTipElementId="ingameMenuHelpBoxText" toolTipText="$l10n_gui_ad_pipe_offset">
				<GuiElement type="button" profile="multiTextOptionSettingsLeft" />
				<GuiElement type="button" profile="multiTextOptionSettingsRight" />
				<GuiElement type="text" profile="multiTextOptionSettingsText" />
				<GuiElement type="text" profile="multiTextOptionSettingsTitle" text="pipeOffset" />
				<GuiElement type="bitmap" profile="multiTextOptionSettingsBg" />
			</GuiElement>	
			<GuiElement type="multiTextOption" profile="multiTextOptionSettings" onCreate="onCreateAutoDriveSettingLookAheadTurning" toolTipElementId="ingameMenuHelpBoxText" toolTipText="$l10n_gui_ad_lookahead_turning_tooltip">
				<GuiElement type="button" profile="multiTextOptionSettingsLeft" />
				<GuiElement type="button" profile="multiTextOptionSettingsRight" />
				<GuiElement type="text" profile="multiTextOptionSettingsText" />
				<GuiElement type="text" profile="multiTextOptionSettingsTitle" text="lookAheadTurning" />
				<GuiElement type="bitmap" profile="multiTextOptionSettingsBg" />
			</GuiElement>
			<GuiElement type="multiTextOption" profile="multiTextOptionSettings" onCreate="onCreateAutoDriveSettingLookAheadBraking" toolTipElementId="ingameMenuHelpBoxText" toolTipText="$l10n_gui_ad_lookahead_braking_tooltip">
				<GuiElement type="button" profile="multiTextOptionSettingsLeft" />
				<GuiElement type="button" profile="multiTextOptionSettingsRight" />
				<GuiElement type="text" profile="multiTextOptionSettingsText" />
				<GuiElement type="text" profile="multiTextOptionSettingsTitle" text="lookAheadBraking" />
				<GuiElement type="bitmap" profile="multiTextOptionSettingsBg" />
			</GuiElement>				
			<GuiElement type="multiTextOption" profile="multiTextOptionSettings" onCreate="onCreateAutoDriveSettingUseFastestRoute" toolTipElementId="ingameMenuHelpBoxText" toolTipText="$l10n_gui_ad_useFastestRoute_tooltip">
				<GuiElement type="button" profile="multiTextOptionSettingsLeft" />
				<GuiElement type="button" profile="multiTextOptionSettingsRight" />
				<GuiElement type="text" profile="multiTextOptionSettingsText" />
				<GuiElement type="text" profile="multiTextOptionSettingsTitle" text="useFastestRoute" />
				<GuiElement type="bitmap" profile="multiTextOptionSettingsBg" />
			</GuiElement>
			<GuiElement type="multiTextOption" profile="multiTextOptionSettings" onCreate="onCreateAutoDriveSettingAvoidMarkers" toolTipElementId="ingameMenuHelpBoxText" toolTipText="$l10n_gui_ad_avoidMarkers_tooltip">
				<GuiElement type="button" profile="multiTextOptionSettingsLeft" />
				<GuiElement type="button" profile="multiTextOptionSettingsRight" />
				<GuiElement type="text" profile="multiTextOptionSettingsText" />
				<GuiElement type="text" profile="multiTextOptionSettingsTitle" text="avoidMarkers" />
				<GuiElement type="bitmap" profile="multiTextOptionSettingsBg" />
			</GuiElement>	
			<GuiElement type="multiTextOption" profile="multiTextOptionSettings" onCreate="onCreateAutoDriveSettingMapMarkerDetour" toolTipElementId="ingameMenuHelpBoxText" toolTipText="$l10n_gui_ad_mapMarkerDetour_tooltip">
				<GuiElement type="button" profile="multiTextOptionSettingsLeft" />
				<GuiElement type="button" profile="multiTextOptionSettingsRight" />
				<GuiElement type="text" profile="multiTextOptionSettingsText" />
				<GuiElement type="text" profile="multiTextOptionSettingsTitle" text="mapMarkerDetour" />
				<GuiElement type="bitmap" profile="multiTextOptionSettingsBg" />
			</GuiElement>		
			<GuiElement type="multiTextOption" profile="multiTextOptionSettings" onCreate="onCreateAutoDriveSettingContinueOnEmptySilo" toolTipElementId="ingameMenuHelpBoxText" toolTipText="$l10n_gui_ad_siloEmpty_tooltip">
				<GuiElement type="button" profile="multiTextOptionSettingsLeft" />
				<GuiElement type="button" profile="multiTextOptionSettingsRight" />
				<GuiElement type="text" profile="multiTextOptionSettingsText" />
				<GuiElement type="text" profile="multiTextOptionSettingsTitle" text="continueOnEmptySilo" />
				<GuiElement type="bitmap" profile="multiTextOptionSettingsBg" />
			</GuiElement>		
			<GuiElement type="multiTextOption" profile="multiTextOptionSettings" onCreate="onCreateAutoDriveSettingAutoConnectStart" toolTipElementId="ingameMenuHelpBoxText" toolTipText="$l10n_gui_ad_autoConnect_start_tooltip">
				<GuiElement type="button" profile="multiTextOptionSettingsLeft" />
				<GuiElement type="button" profile="multiTextOptionSettingsRight" />
				<GuiElement type="text" profile="multiTextOptionSettingsText" />
				<GuiElement type="text" profile="multiTextOptionSettingsTitle" text="autoConnectStart" />
				<GuiElement type="bitmap" profile="multiTextOptionSettingsBg" />
			</GuiElement>		
			<GuiElement type="multiTextOption" profile="multiTextOptionSettings" onCreate="onCreateAutoDriveSettingAutoConnectEnd" toolTipElementId="ingameMenuHelpBoxText" toolTipText="$l10n_gui_ad_autoConnect_end_tooltip">
				<GuiElement type="button" profile="multiTextOptionSettingsLeft" />
				<GuiElement type="button" profile="multiTextOptionSettingsRight" />
				<GuiElement type="text" profile="multiTextOptionSettingsText" />
				<GuiElement type="text" profile="multiTextOptionSettingsTitle" text="autoConnectEnd" />
				<GuiElement type="bitmap" profile="multiTextOptionSettingsBg" />
			</GuiElement>		
			<GuiElement type="multiTextOption" profile="multiTextOptionSettings" onCreate="onCreateAutoDriveSettingUnloadFillLevel" toolTipElementId="ingameMenuHelpBoxText" toolTipText="$l10n_gui_ad_autoConnect_end_tooltip">
				<GuiElement type="button" profile="multiTextOptionSettingsLeft" />
				<GuiElement type="button" profile="multiTextOptionSettingsRight" />
				<GuiElement type="text" profile="multiTextOptionSettingsText" />
				<GuiElement type="text" profile="multiTextOptionSettingsTitle" text="unloadFillLevel" />
				<GuiElement type="bitmap" profile="multiTextOptionSettingsBg" />
			</GuiElement>			
			<GuiElement type="multiTextOption" profile="multiTextOptionSettings" onCreate="onCreateAutoDriveSettingParkInField" toolTipElementId="ingameMenuHelpBoxText" toolTipText="$l10n_gui_ad_autoConnect_end_tooltip">
				<GuiElement type="button" profile="multiTextOptionSettingsLeft" />
				<GuiElement type="button" profile="multiTextOptionSettingsRight" />
				<GuiElement type="text" profile="multiTextOptionSettingsText" />
				<GuiElement type="text" profile="multiTextOptionSettingsTitle" text="parkInField" />
				<GuiElement type="bitmap" profile="multiTextOptionSettingsBg" />
			</GuiElement>			
			<GuiElement type="multiTextOption" profile="multiTextOptionSettings" onCreate="onCreateAutoDriveSettingFindDriver" toolTipElementId="ingameMenuHelpBoxText" toolTipText="$l10n_gui_ad_findDriver_tooltip">
				<GuiElement type="button" profile="multiTextOptionSettingsLeft" />
				<GuiElement type="button" profile="multiTextOptionSettingsRight" />
				<GuiElement type="text" profile="multiTextOptionSettingsText" />
				<GuiElement type="text" profile="multiTextOptionSettingsTitle" text="findDriver" />
				<GuiElement type="bitmap" profile="multiTextOptionSettingsBg" />
			</GuiElement>		
			<GuiElement type="multiTextOption" profile="multiTextOptionSettings" onCreate="onCreateAutoDriveSettingExitField" toolTipElementId="ingameMenuHelpBoxText" toolTipText="$l10n_gui_ad_exitField_tooltip">
				<GuiElement type="button" profile="multiTextOptionSettingsLeft" />
				<GuiElement type="button" profile="multiTextOptionSettingsRight" />
				<GuiElement type="text" profile="multiTextOptionSettingsText" />
				<GuiElement type="text" profile="multiTextOptionSettingsTitle" text="exitField" />
				<GuiElement type="bitmap" profile="multiTextOptionSettingsBg" />
			</GuiElement>
			<GuiElement type="multiTextOption" profile="multiTextOptionSettings" onCreate="onCreateAutoDriveSettingGUIScale" toolTipElementId="ingameMenuHelpBoxText" toolTipText="$l10n_gui_ad_gui_scale">
				<GuiElement type="button" profile="multiTextOptionSettingsLeft" />
				<GuiElement type="button" profile="multiTextOptionSettingsRight" />
				<GuiElement type="text" profile="multiTextOptionSettingsText" />
				<GuiElement type="text" profile="multiTextOptionSettingsTitle" text="guiScale" />
				<GuiElement type="bitmap" profile="multiTextOptionSettingsBg" />
			</GuiElement>	
		</GuiElement>

		<GuiElement type="bitmap" profile="ingameMenuHelpRowBg" position="80px 50px" id="ingameMenuHelpBox" visible="true">
			<GuiElement type="bitmap" profile="ingameMenuHelpRowIcon" />
			<GuiElement type="text" profile="ingameMenuHelpRowText" id="ingameMenuHelpBoxText" text="" onTextChanged="onIngameMenuHelpTextChanged"/>
		</GuiElement>			
	</GuiElement>
	
	<!-- bottom "back" + "ok"  -->
	<GuiElement type="flowLayout" profile="buttonBoxDocked" screenAlign="bottomLeft" positionOrigin="bottomLeft" position="130px 77px" id="buttonsPC">
		<GuiElement type="button" profile="buttonBack" text="$l10n_button_back" onClick="onClickBack" id="backButton" />
		<GuiElement type="button" profile="buttonOK" text="$l10n_button_ok" onClick="onClickOk" />
		<GuiElement type="button" profile="buttonCancel" text="$l10n_button_reset" onClick="onClickResetButton" />	
	</GuiElement>	
</GUI>