<?xml version="1.0" encoding="utf-8" standalone="no" ?>
<GUI onOpen="onOpen" onClose="onClose" onCreate="onCreate">
    <GuiElement type="empty" profile="newLayer" />
    <GuiElement type="bitmap" profile="dialogFullscreenBg" />

    <GuiElement type="bitmap" profile="yesNoDialogBg" id="dialogElement">
        <GuiElement type="bitmap" profile="dialogHeaderDocked">
            <GuiElement type="text" profile="dialogHeaderText" text="" onCreate="onCreateTitleElement" id="dialogTitleElement" />
        </GuiElement>

        <GuiElement type="text" profile="sleepDialogText" text="" onCreate="onCreateTextElement" id="dialogTextElement" />

        <GuiElement type="textInput" profile="dialogTextInput" id="textInputElement" onCreate="onCreateInputElement" />

        <GuiElement type="flowLayout" profile="buttonBoxDocked" id="buttonsPC">
            <GuiElement type="button" profile="buttonBack" id="backButton" text="$l10n_button_back" onClick="onClickBack" />
            <GuiElement type="button" profile="buttonOK" id="okButton" text="$l10n_button_ok" onClick="onClickOk" />
            <GuiElement type="button" profile="buttonCancel" id="cancelButton" text="$l10n_button_reset" onClick="onClickResetButton" />
        </GuiElement>
    </GuiElement>
</GUI>