<?xml version="1.0" encoding="utf-8" standalone="no" ?>
<GUI onOpen="onOpen" onClose="onClose" onCreate="onCreate">
    <GuiElement type="empty" profile="newLayer" />
    <GuiElement type="bitmap" profile="dialogFullscreenBg" />

    <GuiElement type="bitmap" profile="yesNoDialogBg" id="dialogElement">
        <GuiElement type="bitmap" profile="dialogHeaderDocked">
            <GuiElement type="text" profile="dialogHeaderText" text="" onCreate="onCreateTitleElement" id="dialogTitleElement" />
        </GuiElement>

        <GuiElement type="text" profile="sleepDialogText" text="" onCreate="onCreateTextElement" id="dialogTextElement" />

        <GuiElement type="textInput" profile="dialogTextInput" id="textInputElement" onCreate="onCreateInputElement" />

        <GuiElement type="flowLayout" profile="buttonBoxDocked" id="buttonsCreate" onCreate="onCreateButtonsCreate">
            <GuiElement type="button" profile="buttonBack" id="backButtonCreate" text="$l10n_button_back" onClick="onClickBack" />
            <GuiElement type="button" profile="buttonOK" id="createButton" text="" onClick="onClickCreateButton" onCreate="onCreateCreateButton" />
        </GuiElement>

        <GuiElement type="flowLayout" profile="buttonBoxDocked" id="buttonsEdit" onCreate="onCreateButtonsEdit">
            <GuiElement type="button" profile="buttonBack" id="backButtonEdit" text="$l10n_button_back" onClick="onClickBack" />
            <GuiElement type="button" profile="buttonActivate" id="renameButton" text="$l10n_button_rename" onClick="onClickRenameButton" />
            <GuiElement type="button" profile="buttonCancel" id="resetButton" text="$l10n_button_reset" onClick="onClickResetButton" />
            <GuiElement type="button" profile="buttonDelete" id="deleteButton" text="$l10n_button_delete" onClick="onClickDeleteButton" />
        </GuiElement>
    </GuiElement>
</GUI>