<?xml version="1.0" encoding="utf-8" standalone="no" ?>
<GUI name="autoDriveVehicleSettings">
	<GuiElement type="empty" profile="uiInGameMenuFrame" id="container">
		<!-- Static page header -->
		<GuiElement type="empty" profile="ingameMenuFrameHeaderPanel" position="130px -60px">
			<GuiElement type="text" profile="ingameMenuFrameHeaderText" position="80px 0px" text="Vehicle Settings - AutoDrive" />
		</GuiElement>

		<GuiElement type="bitmap" profile="ingameMenuSettingsBox" position="130px -124px" id="settingsContainer">
			<GuiElement type="boxLayout" profile="ingameMenuSettingsLayout" position="50px -50px" id="boxLayout">

				<GuiElement type="multiTextOption" profile="multiTextOptionSettings" onCreate="onCreateAutoDriveSetting" name="pipeOffset" toolTipElementId="ingameMenuHelpBoxText">
					<GuiElement type="button" profile="multiTextOptionSettingsLeft" />
					<GuiElement type="button" profile="multiTextOptionSettingsRight" />
					<GuiElement type="text" profile="multiTextOptionSettingsText" />
					<GuiElement type="text" profile="multiTextOptionSettingsTitle" />
					<GuiElement type="bitmap" profile="multiTextOptionSettingsBg" />
				</GuiElement>
				<GuiElement type="multiTextOption" profile="multiTextOptionSettings" onCreate="onCreateAutoDriveSetting" name="trailerOffset" toolTipElementId="ingameMenuHelpBoxText">
					<GuiElement type="button" profile="multiTextOptionSettingsLeft" />
					<GuiElement type="button" profile="multiTextOptionSettingsRight" />
					<GuiElement type="text" profile="multiTextOptionSettingsText" />
					<GuiElement type="text" profile="multiTextOptionSettingsTitle" />
					<GuiElement type="bitmap" profile="multiTextOptionSettingsBg" />
				</GuiElement>
				<GuiElement type="multiTextOption" profile="multiTextOptionSettings" onCreate="onCreateAutoDriveSetting" name="unloadFillLevel" toolTipElementId="ingameMenuHelpBoxText">
					<GuiElement type="button" profile="multiTextOptionSettingsLeft" />
					<GuiElement type="button" profile="multiTextOptionSettingsRight" />
					<GuiElement type="text" profile="multiTextOptionSettingsText" />
					<GuiElement type="text" profile="multiTextOptionSettingsTitle" />
					<GuiElement type="bitmap" profile="multiTextOptionSettingsBg" />
				</GuiElement>
				<GuiElement type="multiTextOption" profile="multiTextOptionSettings" onCreate="onCreateAutoDriveSetting" name="parkInField" toolTipElementId="ingameMenuHelpBoxText">
					<GuiElement type="button" profile="multiTextOptionSettingsLeft" />
					<GuiElement type="button" profile="multiTextOptionSettingsRight" />
					<GuiElement type="text" profile="multiTextOptionSettingsText" />
					<GuiElement type="text" profile="multiTextOptionSettingsTitle" />
					<GuiElement type="bitmap" profile="multiTextOptionSettingsBg" />
				</GuiElement>
				<GuiElement type="multiTextOption" profile="multiTextOptionSettings" onCreate="onCreateAutoDriveSetting" name="shovelWidth" toolTipElementId="ingameMenuHelpBoxText">
					<GuiElement type="button" profile="multiTextOptionSettingsLeft" />
					<GuiElement type="button" profile="multiTextOptionSettingsRight" />
					<GuiElement type="text" profile="multiTextOptionSettingsText" />
					<GuiElement type="text" profile="multiTextOptionSettingsTitle" />
					<GuiElement type="bitmap" profile="multiTextOptionSettingsBg" />
				</GuiElement>
				<GuiElement type="multiTextOption" profile="multiTextOptionSettings" onCreate="onCreateAutoDriveSetting" name="shovelHeight" toolTipElementId="ingameMenuHelpBoxText">
					<GuiElement type="button" profile="multiTextOptionSettingsLeft" />
					<GuiElement type="button" profile="multiTextOptionSettingsRight" />
					<GuiElement type="text" profile="multiTextOptionSettingsText" />
					<GuiElement type="text" profile="multiTextOptionSettingsTitle" />
					<GuiElement type="bitmap" profile="multiTextOptionSettingsBg" />
				</GuiElement>
				<GuiElement type="multiTextOption" profile="multiTextOptionSettings" onCreate="onCreateAutoDriveSetting" name="distributeToFolder" toolTipElementId="ingameMenuHelpBoxText">
					<GuiElement type="button" profile="multiTextOptionSettingsLeft" />
					<GuiElement type="button" profile="multiTextOptionSettingsRight" />
					<GuiElement type="text" profile="multiTextOptionSettingsText" />
					<GuiElement type="text" profile="multiTextOptionSettingsTitle" />
					<GuiElement type="bitmap" profile="multiTextOptionSettingsBg" />
				</GuiElement>
				<GuiElement type="multiTextOption" profile="multiTextOptionSettings" onCreate="onCreateAutoDriveSetting" name="autoRefuel" toolTipElementId="ingameMenuHelpBoxText">
					<GuiElement type="button" profile="multiTextOptionSettingsLeft" />
					<GuiElement type="button" profile="multiTextOptionSettingsRight" />
					<GuiElement type="text" profile="multiTextOptionSettingsText" />
					<GuiElement type="text" profile="multiTextOptionSettingsTitle" />
					<GuiElement type="bitmap" profile="multiTextOptionSettingsBg" />
				</GuiElement>
				<GuiElement type="multiTextOption" profile="multiTextOptionSettings" onCreate="onCreateAutoDriveSetting" name="exitField" toolTipElementId="ingameMenuHelpBoxText">
					<GuiElement type="button" profile="multiTextOptionSettingsLeft" />
					<GuiElement type="button" profile="multiTextOptionSettingsRight" />
					<GuiElement type="text" profile="multiTextOptionSettingsText" />
					<GuiElement type="text" profile="multiTextOptionSettingsTitle" />
					<GuiElement type="bitmap" profile="multiTextOptionSettingsBg" />
				</GuiElement>
				<GuiElement type="multiTextOption" profile="multiTextOptionSettings" onCreate="onCreateAutoDriveSetting" name="preCallDriver" toolTipElementId="ingameMenuHelpBoxText">
					<GuiElement type="button" profile="multiTextOptionSettingsLeft" />
					<GuiElement type="button" profile="multiTextOptionSettingsRight" />
					<GuiElement type="text" profile="multiTextOptionSettingsText" />
					<GuiElement type="text" profile="multiTextOptionSettingsTitle" />
					<GuiElement type="bitmap" profile="multiTextOptionSettingsBg" />
				</GuiElement>
				<GuiElement type="multiTextOption" profile="multiTextOptionSettings" onCreate="onCreateAutoDriveSetting" name="preCallLevel" toolTipElementId="ingameMenuHelpBoxText">
					<GuiElement type="button" profile="multiTextOptionSettingsLeft" />
					<GuiElement type="button" profile="multiTextOptionSettingsRight" />
					<GuiElement type="text" profile="multiTextOptionSettingsText" />
					<GuiElement type="text" profile="multiTextOptionSettingsTitle" />
					<GuiElement type="bitmap" profile="multiTextOptionSettingsBg" />
				</GuiElement>
				<GuiElement type="multiTextOption" profile="multiTextOptionSettings" onCreate="onCreateAutoDriveSetting" name="chaseCombine" toolTipElementId="ingameMenuHelpBoxText">
					<GuiElement type="button" profile="multiTextOptionSettingsLeft" />
					<GuiElement type="button" profile="multiTextOptionSettingsRight" />
					<GuiElement type="text" profile="multiTextOptionSettingsText" />
					<GuiElement type="text" profile="multiTextOptionSettingsTitle" />
					<GuiElement type="bitmap" profile="multiTextOptionSettingsBg" />
				</GuiElement>
				<!--<GuiElement type="multiTextOption" profile="multiTextOptionSettings" onCreate="onCreateAutoDriveSetting" name="fuelSaving" toolTipElementId="ingameMenuHelpBoxText">
					<GuiElement type="button" profile="multiTextOptionSettingsLeft" />
					<GuiElement type="button" profile="multiTextOptionSettingsRight" />
					<GuiElement type="text" profile="multiTextOptionSettingsText" />
					<GuiElement type="text" profile="multiTextOptionSettingsTitle" />
					<GuiElement type="bitmap" profile="multiTextOptionSettingsBg" />
				</GuiElement>-->
			</GuiElement>
		</GuiElement>

		<GuiElement type="bitmap" profile="ingameMenuHelpRowBg" position="210px 64px" id="ingameMenuHelpBox" visible="true">
			<GuiElement type="bitmap" profile="ingameMenuHelpRowIcon" />
			<GuiElement type="text" profile="ingameMenuHelpRowText" id="ingameMenuHelpBoxText" text="" onTextChanged="onIngameMenuHelpTextChanged" />
		</GuiElement>
	</GuiElement>
</GUI>