<?xml version="1.0" encoding="utf-8" standalone="no" ?>
<modDesc descVersion="43">
    <author>Balu</author>
	<title>
		<en>AutoDrive</en>
	</title>
	<description>
		<en>
<![CDATA[This mod can be used to create a network of routes for vehicles to drive autonomously. Once setup you can tell a tractor which is standing anywhere close to the network to drive to any point, such as the shop, field 1 or to a sell point.
]]>
		</en>
		<de>
<![CDATA[Dieser Mod erlaubt es ein Netzwerk von Routen aufzuzeichnen, um dann ein Fahrzeug von jedem beliebigen Punkt zu speziell definierten Zielen, wie zum Beispiel der eigenen Farm, Feld 1 oder auch zu jedem Verkaufspunkt fahren zu lassen.
]]>
	   </de>
	</description>
    <version>1.0.0.4</version>
	<multiplayer supported="true"/>
	<iconFilename>store.dds</iconFilename>
    <extraSourceFiles>
        <sourceFile filename="register.lua" />
    </extraSourceFiles>
	<l10n>
		<text name="UNKNOWN">	           						
			<en>Unknown</en> 
			<de>Unbekannt</de>  
		</text>
		<text name="input_ADToggleHud">
			<en>AD: Toggle HUD</en>
			<de>AD: HUD ein/ausblenden</de>	
		</text>
		<text name="input_ADToggleMouse">
			<en>AD: Toggle Mouse</en> 
			<de>AD: Maus ein/ausblenden</de>	
		</text>
		<text name="input_ADEnDisable"> 
			<en>AD: En/Disable</en>
			<de>AD: Ein/Ausschalten</de>
		</text>
		<text name="input_ADSilomode"> 
			<en>AD: Change mode</en>  	
			<de>AD: Modus wechseln</de> 					
		</text>
		<text name="input_ADRecord">  							
			<en>AD: Record</en>  							
			<de>AD: Aufzeichnen</de>					
		</text>
		<text name="input_ADSelectTarget">						
			<en>AD: Select Next Target</en>  				
			<de>AD: Ziel wählen</de> 
		</text>
		<text name="input_ADSelectPreviousTarget">			
			<en>AD: Select Previous Target</en>  			
			<de>AD: Voriges Ziel wählen</de>
		</text>
		<text name="input_AD_Speed_up">							
			<en>AD: Increase Speed</en>  					
			<de>AD: Geschwindigkeit erhöhen</de>  			
		</text>
		<text name="input_AD_Speed_down">					
			<en>AD: Decrease Speed</en>  					
			<de>AD: Geschwindigkeit verringern</de>			
		</text>
		<text name="input_AD_export_routes">				
			<en>AD: Export Routes</en>  					
			<de>AD: Strecken exportieren</de>				
		</text>
		<text name="input_AD_import_routes">				
			<en>AD: Import Routes</en>  					
			<de>AD: Strecken importieren</de>			
		</text>
		<text name="input_AD_upload_routes">				
			<en>AD: Upload Routes</en>  					
			<de>AD: Strecken hochladen</de>				
		</text>
		<text name="input_AD_continue">							
			<en>AD: Continue</en>  							
			<de>AD: Weiterfahren</de>					
		</text>
		<text name="input_ADSelectTargetUnload">				
			<en>AD: Select Next Unload</en>  				
			<de>AD: Nächster Abladepunkt</de>
		</text>
		<text name="input_ADSelectPreviousTargetUnload">		
			<en>AD: Select Previous Unload</en>  			
			<de>AD: Voriger Abladepunkt</de>
		</text>
		<text name="input_ADActivateDebug">						
			<en>AD: Edit Mode</en> 							
			<de>AD: Editor Modus</de>			
		</text>
		<text name="input_ADDebugShowClosest">				
			<en>AD: Show Closest Point</en>  				
			<de>AD: Naheliegendsten Punkt anzeigen</de>		
		</text>
		<text name="input_ADDebugSelectNeighbor">			
			<en>AD: Select Neighbour Point</en>  			
			<de>AD: Nachbarpunkt wählen</de>		
		</text>
		<text name="input_ADDebugChangeNeighbor">			
			<en>AD: Select next Neighbour Point</en> 		
			<de>AD: Nächsten Nachbarpunkt wählen</de>		
		</text>
		<text name="input_ADDebugCreateConnection">			
			<en>AD: Toggle connection between</en>  		
			<de>AD: Verbindung an/aus</de>				
		</text>
		<text name="input_ADDebugCreateMapMarker">			
			<en>AD: Create new Target</en>  				
			<de>AD: Neues Ziel erstellen</de>	
		</text>
		<text name="input_ADDebugDeleteWayPoint">			
			<en>AD: Delete Waypoint</en>  					
			<de>AD: Wegpunkt löschen</de>		
		</text>
		<text name="input_ADDebugForceUpdate">				
			<en>AD: Update ways</en>  						
			<de>AD: Wege neu berechnen</de>				
		</text>
		<text name="input_ADDebugDeleteDestination">		
			<en>AD: Delete Destination</en>  			
			<de>AD: Ziel löschen</de>		
		</text>
		<text name="input_ADSelectNextFillType">		
			<en>AD: Select Next Filltype</en>  				
			<de>AD: Nächster Fruchttyp</de>
		</text>
		<text name="input_ADSelectPreviousFillType">		
			<en>AD: Select Previous Filltype</en>  			
			<de>AD: Vorheriger Fruchttyp</de>
		</text>	
		<text name="AD_Driver_of">
			<en>Driver of</en>
			<de>Der Fahrer von</de>
		</text>
		<text name="AD_has_reached">
			<en>has reached</en>
			<de>ist angekommen bei</de>
		</text>
		<text name="AD_got_stuck">
			<en>got stuck</en>
			<de>hat sich fest gefahren</de>
		</text>
		<text name="AD_cannot_reach">
			<en>can't reach</en>
			<de>hat keinen Weg gefunden zu</de>
		</text>
		<text name="AD_new_marker">
			<en>New Goal:</en>
			<de>Neues Ziel:</de>
		</text>
		<text name="AD_new_marker_helptext">
			<en>Please enter new name (Stop with enter key)</en>
			<de>Namen eingeben - Beenden mit Enter-Taste</de>
		</text>
		<text name="AD_Recalculationg_routes_status">
			<en>Recalculating routes. Please wait. Finished:</en>
			<de>Routen werden neuberechnet. Bitte warten. Berechnet:</de>
		</text>
		<text name="AD_MODE_DRIVETO">
			<en>Drive</en>
			<de>Fahren</de>
		</text>
		<text name="AD_MODE_DELIVERTO">
			<en>Deliver</en>
			<de>Abladen</de>
		</text>
		<text name="AD_MODE_PICKUPANDDELIVER">
			<en>Pickup and Deliver</en>
			<de>Abholen und Abliefern</de>
		</text>
	</l10n>

	<actions>
		<action name="ADToggleMouse" 				category="VEHICLE" ignoreComboMask="false"/>
		<action name="ADToggleHud" 					category="VEHICLE" ignoreComboMask="false"/>
		<action name="ADEnDisable" 					category="VEHICLE" ignoreComboMask="false"/>
		<action name="ADSelectTarget" 				category="VEHICLE" ignoreComboMask="false"/>
		<action name="ADSelectPreviousTarget" 		category="VEHICLE" ignoreComboMask="false"/>
		<action name="ADSelectTargetUnload" 		category="VEHICLE" ignoreComboMask="false"/>
		<action name="ADSelectPreviousTargetUnload" category="VEHICLE" ignoreComboMask="false"/>
		<action name="ADActivateDebug" 				category="VEHICLE" ignoreComboMask="false"/>
		<action name="ADDebugShowClosest" 			category="VEHICLE" ignoreComboMask="false"/>
		<action name="ADDebugSelectNeighbor" 		category="VEHICLE" ignoreComboMask="false"/>
		<action name="ADDebugChangeNeighbor" 		category="VEHICLE" ignoreComboMask="false"/>
		<action name="ADDebugCreateConnection" 		category="VEHICLE" ignoreComboMask="false"/>
		<action name="ADDebugCreateMapMarker" 		category="VEHICLE" ignoreComboMask="false"/>
		<action name="ADDebugDeleteWayPoint" 		category="VEHICLE" ignoreComboMask="false"/>
		<action name="ADDebugForceUpdate" 			category="VEHICLE" ignoreComboMask="false"/>
		<action name="ADDebugDeleteDestination" 	category="VEHICLE" ignoreComboMask="false"/>
		<action name="ADSelectNextFillType" 		category="VEHICLE" ignoreComboMask="false"/>
		<action name="ADSelectPreviousFillType" 	category="VEHICLE" ignoreComboMask="false"/>
		<action name="ADRecord"	 					category="VEHICLE" ignoreComboMask="false"/>
		<action name="AD_export_routes" 			category="VEHICLE" ignoreComboMask="false"/>
		<action name="AD_import_routes"	 			category="VEHICLE" ignoreComboMask="false"/>
		<action name="AD_upload_routes"	 			category="VEHICLE" ignoreComboMask="false"/>
		<action name="ADSilomode" 					category="VEHICLE" ignoreComboMask="false"/>
	</actions>

	<inputBinding>
		<actionBinding action="ADToggleHud">
			<binding device="KB_MOUSE_DEFAULT" input="KEY_lalt KEY_KP_0" />
			<binding device="0_XINPUT_GAMEPAD" input="BUTTON_5 BUTTON_17" />
		</actionBinding>
		<actionBinding action="ADToggleMouse">
        	<binding device="KB_MOUSE_DEFAULT" input="MOUSE_BUTTON_MIDDLE" 			axisComponent="+" neutralInput="0" index="3"/>
        	<binding device="0_XINPUT_GAMEPAD" input="BUTTON_5 BUTTON_6 BUTTON_19" 	axisComponent="+" neutralInput="0" index="1"/>
		</actionBinding>
		<actionBinding action="ADEnDisable">
			<binding device="KB_MOUSE_DEFAULT" input="KEY_lctrl KEY_lalt KEY_up" axisComponent="+" inputComponent="+" index="1"/>
        	<binding device="0_XINPUT_GAMEPAD" input="BUTTON_5 BUTTON_6 BUTTON_17" axisComponent="+" neutralInput="0" index="1"/>
		</actionBinding>
		<actionBinding action="ADSelectTarget">
        	<binding device="KB_MOUSE_DEFAULT" input="KEY_lctrl KEY_lalt KEY_right" axisComponent="+" neutralInput="0" index="1"/>
        	<binding device="0_XINPUT_GAMEPAD" input="BUTTON_5 BUTTON_6 BUTTON_18" axisComponent="+" neutralInput="0" index="1"/>
		</actionBinding>
		<actionBinding action="ADSelectPreviousTarget">
			<binding device="KB_MOUSE_DEFAULT" input="KEY_lctrl KEY_lalt KEY_left" axisComponent="+" neutralInput="0" index="1"/>
			<binding device="0_XINPUT_GAMEPAD" input="BUTTON_5 BUTTON_6 BUTTON_20" axisComponent="+" neutralInput="0" index="1"/>
		</actionBinding>
		<actionBinding action="ADSelectTargetUnload">
        	<binding device="0_XINPUT_GAMEPAD" input="BUTTON_5 BUTTON_6 AXIS_3+" axisComponent="+" neutralInput="0" index="1"/>
		</actionBinding>
		<actionBinding action="ADSelectPreviousTargetUnload">
        	<binding device="0_XINPUT_GAMEPAD" input="BUTTON_5 BUTTON_6 AXIS_3-" axisComponent="+" neutralInput="0" index="1"/>
		</actionBinding>
		<actionBinding action="ADActivateDebug">
        	<binding device="0_XINPUT_GAMEPAD" input="BUTTON_5 BUTTON_6 BUTTON_11" axisComponent="+" neutralInput="0" index="1"/>
		</actionBinding>
		<actionBinding action="ADDebugShowClosest">
        	<binding device="0_XINPUT_GAMEPAD" input="BUTTON_5 BUTTON_6 BUTTON_10" axisComponent="+" neutralInput="0" index="1"/>
		</actionBinding>
		<actionBinding action="ADDebugSelectNeighbor">
        	<binding device="0_XINPUT_GAMEPAD" input="BUTTON_5 BUTTON_6 BUTTON_9" axisComponent="+" neutralInput="0" index="1"/>
		</actionBinding>
		<actionBinding action="ADDebugChangeNeighbor">
       	 	<binding device="0_XINPUT_GAMEPAD" input="BUTTON_5 BUTTON_6 AXIS_4-" axisComponent="+" neutralInput="0" index="1"/>
		</actionBinding>
		<actionBinding action="ADDebugCreateConnection">
        	<binding device="0_XINPUT_GAMEPAD" input="BUTTON_5 BUTTON_6 BUTTON_12" axisComponent="+" neutralInput="0" index="1"/>
		</actionBinding>
		<actionBinding action="ADSelectNextFillType">
        	<binding device="KB_MOUSE_DEFAULT" input="KEY_lctrl KEY_lalt KEY_o" axisComponent="+" neutralInput="0" index="1"/>
        	<binding device="0_XINPUT_GAMEPAD" input="BUTTON_5 BUTTON_6 AXIS_2-" axisComponent="+" neutralInput="0" index="1"/>
		</actionBinding>
		<actionBinding action="ADSelectPreviousFillType">
        	<binding device="KB_MOUSE_DEFAULT" input="KEY_lctrl KEY_lalt KEY_KP_4" axisComponent="+" neutralInput="0" index="1"/>
        	<binding device="0_XINPUT_GAMEPAD" input="BUTTON_5 BUTTON_6 AXIS_2+" axisComponent="+" neutralInput="0" index="1"/>
		</actionBinding>
		<actionBinding action="ADRecord">
			<binding device="0_XINPUT_GAMEPAD" input="BUTTON_5 BUTTON_6 BUTTON_3" axisComponent="+" neutralInput="0" index="1"/>
		</actionBinding>
		<actionBinding action="AD_import_routes">
        	<binding device="KB_MOUSE_DEFAULT" input="KEY_lalt KEY_lctrl KEY_KP_1" axisComponent="+" neutralInput="0" index="1"/>
		</actionBinding>
		<actionBinding action="AD_export_routes">
        	<binding device="KB_MOUSE_DEFAULT" input="KEY_lctrl KEY_lalt KEY_KP_2" axisComponent="+" neutralInput="0" index="1"/>
		</actionBinding>
		<actionBinding action="AD_upload_routes">
        	<binding device="KB_MOUSE_DEFAULT" input="KEY_lctrl KEY_lalt KEY_KP_3" axisComponent="+" neutralInput="0" index="1"/>
		</actionBinding>
		<actionBinding action="ADSilomode">
       	 	<binding device="0_XINPUT_GAMEPAD" input="BUTTON_5 BUTTON_6 AXIS_4+" axisComponent="+" neutralInput="0" index="1"/>
		</actionBinding>
	</inputBinding>
</modDesc>
