<?xml version="1.0" encoding="utf-8" standalone="no" ?>
<GUI name="autoDriveCombineUnloadSettings">
	<GuiElement type="empty" profile="uiInGameMenuFrame">
		<!-- Static page header -->
		<GuiElement type="empty" profile="ingameMenuFrameHeaderPanel" position="130px -60px">
			<GuiElement type="bitmap" profile="ingameMenuGeneralSettingsHeaderIcon" position="0px 0px" id="headerIcon" />
			<GuiElement type="text" profile="ingameMenuFrameHeaderText" position="80px 0px" text="$l10n_gui_ad_combineUnloadSettingsPage_title" />
		</GuiElement>

		<GuiElement type="bitmap" profile="ingameMenuSettingsBox" position="130px -124px" id="settingsContainer">
			<GuiElement type="boxLayout" profile="ingameMenuSettingsLayout" position="50px -50px">

				<GuiElement type="multiTextOption" profile="multiTextOptionSettings" onCreate="onCreateAutoDriveSetting" onClick="onOptionChange" name="findDriver" toolTipElementId="ingameMenuHelpBoxText">
					<GuiElement type="button" profile="multiTextOptionSettingsLeft" />
					<GuiElement type="button" profile="multiTextOptionSettingsRight" />
					<GuiElement type="text" profile="multiTextOptionSettingsText" />
					<GuiElement type="text" profile="multiTextOptionSettingsTitle" position="27px 6px" />
					<GuiElement type="bitmap" profile="multiTextOptionSettingsBg" />
					<GuiElement type="bitmap" profile="baseReference" screenAlign="topLeft" position="5px 4px" size="17px 17px" />
				</GuiElement>
				<GuiElement type="multiTextOption" profile="multiTextOptionSettings" onCreate="onCreateAutoDriveSetting" onClick="onOptionChange" name="pathFinderTime" toolTipElementId="ingameMenuHelpBoxText">
					<GuiElement type="button" profile="multiTextOptionSettingsLeft" />
					<GuiElement type="button" profile="multiTextOptionSettingsRight" />
					<GuiElement type="text" profile="multiTextOptionSettingsText" />
					<GuiElement type="text" profile="multiTextOptionSettingsTitle" position="27px 6px" />
					<GuiElement type="bitmap" profile="multiTextOptionSettingsBg" />
					<GuiElement type="bitmap" profile="baseReference" screenAlign="topLeft" position="5px 4px" size="17px 17px" />
				</GuiElement>
				<GuiElement type="multiTextOption" profile="multiTextOptionSettings" onCreate="onCreateAutoDriveSetting" onClick="onOptionChange" name="smoothField" toolTipElementId="ingameMenuHelpBoxText">
					<GuiElement type="button" profile="multiTextOptionSettingsLeft" />
					<GuiElement type="button" profile="multiTextOptionSettingsRight" />
					<GuiElement type="text" profile="multiTextOptionSettingsText" />
					<GuiElement type="text" profile="multiTextOptionSettingsTitle" position="27px 6px" />
					<GuiElement type="bitmap" profile="multiTextOptionSettingsBg" />
					<GuiElement type="bitmap" profile="baseReference" screenAlign="topLeft" position="5px 4px" size="17px 17px" />
				</GuiElement>
				<GuiElement type="multiTextOption" profile="multiTextOptionSettings" onCreate="onCreateAutoDriveSetting" onClick="onOptionChange" name="restrictToField" toolTipElementId="ingameMenuHelpBoxText">
					<GuiElement type="button" profile="multiTextOptionSettingsLeft" />
					<GuiElement type="button" profile="multiTextOptionSettingsRight" />
					<GuiElement type="text" profile="multiTextOptionSettingsText" />
					<GuiElement type="text" profile="multiTextOptionSettingsTitle" position="27px 6px" />
					<GuiElement type="bitmap" profile="multiTextOptionSettingsBg" />
					<GuiElement type="bitmap" profile="baseReference" screenAlign="topLeft" position="5px 4px" size="17px 17px" />
				</GuiElement>
				<GuiElement type="multiTextOption" profile="multiTextOptionSettings" onCreate="onCreateAutoDriveSetting" onClick="onOptionChange" name="avoidFruit" toolTipElementId="ingameMenuHelpBoxText">
					<GuiElement type="button" profile="multiTextOptionSettingsLeft" />
					<GuiElement type="button" profile="multiTextOptionSettingsRight" />
					<GuiElement type="text" profile="multiTextOptionSettingsText" />
					<GuiElement type="text" profile="multiTextOptionSettingsTitle" position="27px 6px" />
					<GuiElement type="bitmap" profile="multiTextOptionSettingsBg" />
					<GuiElement type="bitmap" profile="baseReference" screenAlign="topLeft" position="5px 4px" size="17px 17px" />
				</GuiElement>
			</GuiElement>
		</GuiElement>

		<GuiElement type="bitmap" profile="ingameMenuHelpRowBg" position="210px 64px" id="ingameMenuHelpBox" visible="false">
			<GuiElement type="bitmap" profile="ingameMenuHelpRowIcon" />
			<GuiElement type="text" profile="ingameMenuHelpRowText" id="ingameMenuHelpBoxText" onTextChanged="onIngameMenuHelpTextChanged" />
		</GuiElement>
	</GuiElement>
</GUI>