<?xml version="1.0" encoding="utf-8" standalone="no" ?>
<GUI onOpen="onOpen" onClose="onClose" onCreate="onCreate">
    <GuiElement type="empty" profile="newLayer" />
    <GuiElement type="bitmap" profile="dialogFullscreenBg" />

    <GuiElement type="bitmap" profile="yesNoDialogBg">
        <GuiElement type="bitmap" profile="dialogHeaderDocked">
            <GuiElement type="text" profile="dialogHeaderText" id="titleElement" />
        </GuiElement>

        <GuiElement type="text" profile="sleepDialogText" text="$l10n_gui_ad_enterTargetNameText" />

        <GuiElement type="textInput" profile="dialogTextInput" id="textInputElement" onEnterPressed="onEnterPressed" onEscPressed="onEscPressed" focusInit="onOpen" maxCharacters="30" />

        <GuiElement type="flowLayout" profile="buttonBoxDocked" id="buttonsCreateElement">
            <GuiElement type="button" profile="buttonBack" text="$l10n_button_back" onClick="onClickBack" />
            <GuiElement type="button" profile="buttonOK" text="$l10n_gui_ad_createButtonText" onClick="onClickOk" />
        </GuiElement>

        <GuiElement type="flowLayout" profile="buttonBoxDocked" id="buttonsEditElement">
            <GuiElement type="button" profile="buttonBack" text="$l10n_button_back" onClick="onClickBack" />
            <GuiElement type="button" profile="wideButton" inputAction="MENU_ACCEPT" text="$l10n_button_rename" onClick="onClickOk" />
            <GuiElement type="button" profile="buttonCancel" text="$l10n_button_reset" onClick="onClickCancel" />
            <GuiElement type="button" profile="buttonActivate" text="$l10n_button_delete" onClick="onClickActivate" />
        </GuiElement>
    </GuiElement>
</GUI>