<?xml version="1.0" encoding="utf-8" standalone="no" ?>
<GUI onOpen="onOpen" onClose="onClose" onCreate="onCreate">
	<GuiElement type="bitmap" profile="uiFullInGameBackground" />
    <GuiElement type="bitmap" profile="dialogBg" id="dialogElement">
        <GuiElement type="textInput" profile="dialogTextInput" id="textInputElement" onCreate="onCreateInputElement" onEnterPressed="onEnterPressed" onEscPressed="onEscPressed" />
        
        <!-- bottom "back" + "ok"  -->
        <GuiElement type="flowLayout" profile="buttonBoxDocked" id="buttonsPC">
            <GuiElement type="button" profile="buttonBack" text="$l10n_button_back" onClick="onClickBack" id="backButton" />
            <GuiElement type="button" profile="buttonOK" text="$l10n_button_ok" onClick="onClickOk" />
            <GuiElement type="button" profile="buttonCancel" text="$l10n_button_reset" onClick="onClickResetButton" />	
        </GuiElement>
    </GuiElement>
</GUI>