<?xml version="1.0" encoding="utf-8" standalone="no" ?>
<GUI name="autoDriveCombineUnloadSettings">
	<GuiElement type="empty" profile="uiInGameMenuFrame" id="container">
		<!-- Static page header -->
		<GuiElement type="empty" profile="ingameMenuFrameHeaderPanel" position="130px -60px">
			<GuiElement type="text" profile="ingameMenuFrameHeaderText" position="80px 0px" text="Combine Unload Settings - AutoDrive"/>
		</GuiElement>

		<GuiElement type="bitmap" profile="ingameMenuSettingsBox" position="130px -124px" id="settingsContainer">
			<GuiElement type="boxLayout" profile="ingameMenuSettingsLayout" position="50px -50px" id="boxLayout">

				<GuiElement type="multiTextOption" profile="multiTextOptionSettings" onCreate="onCreateAutoDriveSetting" name="findDriver" toolTipElementId="ingameMenuHelpBoxText">
					<GuiElement type="button" profile="multiTextOptionSettingsLeft" />
					<GuiElement type="button" profile="multiTextOptionSettingsRight" />
					<GuiElement type="text" profile="multiTextOptionSettingsText" />
					<GuiElement type="text" profile="multiTextOptionSettingsTitle" />
					<GuiElement type="bitmap" profile="multiTextOptionSettingsBg" />
				</GuiElement>
				<GuiElement type="multiTextOption" profile="multiTextOptionSettings" onCreate="onCreateAutoDriveSetting" name="exitField" toolTipElementId="ingameMenuHelpBoxText">
					<GuiElement type="button" profile="multiTextOptionSettingsLeft" />
					<GuiElement type="button" profile="multiTextOptionSettingsRight" />
					<GuiElement type="text" profile="multiTextOptionSettingsText" />
					<GuiElement type="text" profile="multiTextOptionSettingsTitle" />
					<GuiElement type="bitmap" profile="multiTextOptionSettingsBg" />
				</GuiElement>
				<GuiElement type="multiTextOption" profile="multiTextOptionSettings" onCreate="onCreateAutoDriveSetting" name="pathFinderTime" toolTipElementId="ingameMenuHelpBoxText">
					<GuiElement type="button" profile="multiTextOptionSettingsLeft" />
					<GuiElement type="button" profile="multiTextOptionSettingsRight" />
					<GuiElement type="text" profile="multiTextOptionSettingsText" />
					<GuiElement type="text" profile="multiTextOptionSettingsTitle" />
					<GuiElement type="bitmap" profile="multiTextOptionSettingsBg" />
				</GuiElement>
				<GuiElement type="multiTextOption" profile="multiTextOptionSettings" onCreate="onCreateAutoDriveSetting" name="smoothField" toolTipElementId="ingameMenuHelpBoxText">
					<GuiElement type="button" profile="multiTextOptionSettingsLeft" />
					<GuiElement type="button" profile="multiTextOptionSettingsRight" />
					<GuiElement type="text" profile="multiTextOptionSettingsText" />
					<GuiElement type="text" profile="multiTextOptionSettingsTitle" />
					<GuiElement type="bitmap" profile="multiTextOptionSettingsBg" />
				</GuiElement>
				<GuiElement type="multiTextOption" profile="multiTextOptionSettings" onCreate="onCreateAutoDriveSetting" name="avoidFruit" toolTipElementId="ingameMenuHelpBoxText">
					<GuiElement type="button" profile="multiTextOptionSettingsLeft" />
					<GuiElement type="button" profile="multiTextOptionSettingsRight" />
					<GuiElement type="text" profile="multiTextOptionSettingsText" />
					<GuiElement type="text" profile="multiTextOptionSettingsTitle" />
					<GuiElement type="bitmap" profile="multiTextOptionSettingsBg" />
				</GuiElement>
				<GuiElement type="multiTextOption" profile="multiTextOptionSettings" onCreate="onCreateAutoDriveSetting" name="preCallDriver" toolTipElementId="ingameMenuHelpBoxText">
					<GuiElement type="button" profile="multiTextOptionSettingsLeft" />
					<GuiElement type="button" profile="multiTextOptionSettingsRight" />
					<GuiElement type="text" profile="multiTextOptionSettingsText" />
					<GuiElement type="text" profile="multiTextOptionSettingsTitle" />
					<GuiElement type="bitmap" profile="multiTextOptionSettingsBg" />
				</GuiElement>
				<GuiElement type="multiTextOption" profile="multiTextOptionSettings" onCreate="onCreateAutoDriveSetting" name="preCallLevel" toolTipElementId="ingameMenuHelpBoxText">
					<GuiElement type="button" profile="multiTextOptionSettingsLeft" />
					<GuiElement type="button" profile="multiTextOptionSettingsRight" />
					<GuiElement type="text" profile="multiTextOptionSettingsText" />
					<GuiElement type="text" profile="multiTextOptionSettingsTitle" />
					<GuiElement type="bitmap" profile="multiTextOptionSettingsBg" />
				</GuiElement>
				<GuiElement type="multiTextOption" profile="multiTextOptionSettings" onCreate="onCreateAutoDriveSetting" name="chaseCombine" toolTipElementId="ingameMenuHelpBoxText">
					<GuiElement type="button" profile="multiTextOptionSettingsLeft" />
					<GuiElement type="button" profile="multiTextOptionSettingsRight" />
					<GuiElement type="text" profile="multiTextOptionSettingsText" />
					<GuiElement type="text" profile="multiTextOptionSettingsTitle" />
					<GuiElement type="bitmap" profile="multiTextOptionSettingsBg" />
				</GuiElement>
				<GuiElement type="multiTextOption" profile="multiTextOptionSettings" onCreate="onCreateAutoDriveSetting" name="restrictToField" toolTipElementId="ingameMenuHelpBoxText">
					<GuiElement type="button" profile="multiTextOptionSettingsLeft" />
					<GuiElement type="button" profile="multiTextOptionSettingsRight" />
					<GuiElement type="text" profile="multiTextOptionSettingsText" />
					<GuiElement type="text" profile="multiTextOptionSettingsTitle" />
					<GuiElement type="bitmap" profile="multiTextOptionSettingsBg" />
				</GuiElement>

			</GuiElement>
		</GuiElement>

		<GuiElement type="bitmap" profile="ingameMenuHelpRowBg" position="210px 64px" id="ingameMenuHelpBox" visible="true">
			<GuiElement type="bitmap" profile="ingameMenuHelpRowIcon" />
			<GuiElement type="text" profile="ingameMenuHelpRowText" id="ingameMenuHelpBoxText" text="" onTextChanged="onIngameMenuHelpTextChanged"/>
		</GuiElement>
	</GuiElement>
</GUI>